id,code,configuration_code,attribute_code,fuel_type_code,minimum_value,maximum_value,lower_inclusive,upper_inclusive,observation_date,source_code,notes
1,jogger_essential_5seat_ecog120_manual_fuel_consumption_combined_lpg_range_20260401,jogger_essential_5seat_ecog120_manual,fuel_consumption_combined,lpg,7.3,7.4,true,true,2026-04-01,src_pl_jogger_price_my26_20260401,"Source page 6, section OSIĄGI: LPG: 7,3-7,4"
2,jogger_essential_5seat_ecog120_manual_fuel_consumption_combined_petrol_range_20260401,jogger_essential_5seat_ecog120_manual,fuel_consumption_combined,petrol,5.8,5.9,true,true,2026-04-01,src_pl_jogger_price_my26_20260401,"Source page 6, section OSIĄGI: Ben: 5,8-5,9"
3,jogger_expression_5seat_ecog120_manual_fuel_consumption_combined_lpg_range_20260401,jogger_expression_5seat_ecog120_manual,fuel_consumption_combined,lpg,7.3,7.4,true,true,2026-04-01,src_pl_jogger_price_my26_20260401,"Source page 6, section OSIĄGI: LPG: 7,3-7,4"
4,jogger_expression_5seat_ecog120_manual_fuel_consumption_combined_petrol_range_20260401,jogger_expression_5seat_ecog120_manual,fuel_consumption_combined,petrol,5.8,5.9,true,true,2026-04-01,src_pl_jogger_price_my26_20260401,"Source page 6, section OSIĄGI: Ben: 5,8-5,9"
5,jogger_extreme_5seat_ecog120_manual_fuel_consumption_combined_lpg_range_20260401,jogger_extreme_5seat_ecog120_manual,fuel_consumption_combined,lpg,7.3,7.4,true,true,2026-04-01,src_pl_jogger_price_my26_20260401,"Source page 6, section OSIĄGI: LPG: 7,3-7,4"
6,jogger_extreme_5seat_ecog120_manual_fuel_consumption_combined_petrol_range_20260401,jogger_extreme_5seat_ecog120_manual,fuel_consumption_combined,petrol,5.8,5.9,true,true,2026-04-01,src_pl_jogger_price_my26_20260401,"Source page 6, section OSIĄGI: Ben: 5,8-5,9"
7,jogger_essential_7seat_ecog120_manual_fuel_consumption_combined_lpg_range_20260401,jogger_essential_7seat_ecog120_manual,fuel_consumption_combined,lpg,7.3,7.4,true,true,2026-04-01,src_pl_jogger_price_my26_20260401,"Source page 6, section OSIĄGI: LPG: 7,3-7,4"
8,jogger_essential_7seat_ecog120_manual_fuel_consumption_combined_petrol_range_20260401,jogger_essential_7seat_ecog120_manual,fuel_consumption_combined,petrol,5.8,5.9,true,true,2026-04-01,src_pl_jogger_price_my26_20260401,"Source page 6, section OSIĄGI: Ben: 5,8-5,9"
9,jogger_expression_7seat_ecog120_manual_fuel_consumption_combined_lpg_range_20260401,jogger_expression_7seat_ecog120_manual,fuel_consumption_combined,lpg,7.3,7.4,true,true,2026-04-01,src_pl_jogger_price_my26_20260401,"Source page 6, section OSIĄGI: LPG: 7,3-7,4"
10,jogger_expression_7seat_ecog120_manual_fuel_consumption_combined_petrol_range_20260401,jogger_expression_7seat_ecog120_manual,fuel_consumption_combined,petrol,5.8,5.9,true,true,2026-04-01,src_pl_jogger_price_my26_20260401,"Source page 6, section OSIĄGI: Ben: 5,8-5,9"
11,jogger_extreme_7seat_ecog120_manual_fuel_consumption_combined_lpg_range_20260401,jogger_extreme_7seat_ecog120_manual,fuel_consumption_combined,lpg,7.3,7.4,true,true,2026-04-01,src_pl_jogger_price_my26_20260401,"Source page 6, section OSIĄGI: LPG: 7,3-7,4"
12,jogger_extreme_7seat_ecog120_manual_fuel_consumption_combined_petrol_range_20260401,jogger_extreme_7seat_ecog120_manual,fuel_consumption_combined,petrol,5.8,5.9,true,true,2026-04-01,src_pl_jogger_price_my26_20260401,"Source page 6, section OSIĄGI: Ben: 5,8-5,9"
13,jogger_essential_5seat_ecog120_manual_co2_emissions_lpg_range_20260401,jogger_essential_5seat_ecog120_manual,co2_emissions,lpg,119,121,true,true,2026-04-01,src_pl_jogger_price_my26_20260401,"Source page 6, section OSIĄGI: LPG: 119-121"
14,jogger_essential_5seat_ecog120_manual_co2_emissions_petrol_range_20260401,jogger_essential_5seat_ecog120_manual,co2_emissions,petrol,133,134,true,true,2026-04-01,src_pl_jogger_price_my26_20260401,"Source page 6, section OSIĄGI: Ben: 133-134"
15,jogger_expression_5seat_ecog120_manual_co2_emissions_lpg_range_20260401,jogger_expression_5seat_ecog120_manual,co2_emissions,lpg,119,121,true,true,2026-04-01,src_pl_jogger_price_my26_20260401,"Source page 6, section OSIĄGI: LPG: 119-121"
16,jogger_expression_5seat_ecog120_manual_co2_emissions_petrol_range_20260401,jogger_expression_5seat_ecog120_manual,co2_emissions,petrol,133,134,true,true,2026-04-01,src_pl_jogger_price_my26_20260401,"Source page 6, section OSIĄGI: Ben: 133-134"
17,jogger_extreme_5seat_ecog120_manual_co2_emissions_lpg_range_20260401,jogger_extreme_5seat_ecog120_manual,co2_emissions,lpg,119,121,true,true,2026-04-01,src_pl_jogger_price_my26_20260401,"Source page 6, section OSIĄGI: LPG: 119-121"
18,jogger_extreme_5seat_ecog120_manual_co2_emissions_petrol_range_20260401,jogger_extreme_5seat_ecog120_manual,co2_emissions,petrol,133,134,true,true,2026-04-01,src_pl_jogger_price_my26_20260401,"Source page 6, section OSIĄGI: Ben: 133-134"
19,jogger_essential_7seat_ecog120_manual_co2_emissions_lpg_range_20260401,jogger_essential_7seat_ecog120_manual,co2_emissions,lpg,119,121,true,true,2026-04-01,src_pl_jogger_price_my26_20260401,"Source page 6, section OSIĄGI: LPG: 119-121"
20,jogger_essential_7seat_ecog120_manual_co2_emissions_petrol_range_20260401,jogger_essential_7seat_ecog120_manual,co2_emissions,petrol,133,134,true,true,2026-04-01,src_pl_jogger_price_my26_20260401,"Source page 6, section OSIĄGI: Ben: 133-134"
21,jogger_expression_7seat_ecog120_manual_co2_emissions_lpg_range_20260401,jogger_expression_7seat_ecog120_manual,co2_emissions,lpg,119,121,true,true,2026-04-01,src_pl_jogger_price_my26_20260401,"Source page 6, section OSIĄGI: LPG: 119-121"
22,jogger_expression_7seat_ecog120_manual_co2_emissions_petrol_range_20260401,jogger_expression_7seat_ecog120_manual,co2_emissions,petrol,133,134,true,true,2026-04-01,src_pl_jogger_price_my26_20260401,"Source page 6, section OSIĄGI: Ben: 133-134"
23,jogger_extreme_7seat_ecog120_manual_co2_emissions_lpg_range_20260401,jogger_extreme_7seat_ecog120_manual,co2_emissions,lpg,119,121,true,true,2026-04-01,src_pl_jogger_price_my26_20260401,"Source page 6, section OSIĄGI: LPG: 119-121"
24,jogger_extreme_7seat_ecog120_manual_co2_emissions_petrol_range_20260401,jogger_extreme_7seat_ecog120_manual,co2_emissions,petrol,133,134,true,true,2026-04-01,src_pl_jogger_price_my26_20260401,"Source page 6, section OSIĄGI: Ben: 133-134"
25,jogger_extreme_5seat_ecog120_automatic_fuel_consumption_combined_lpg_range_20260401,jogger_extreme_5seat_ecog120_automatic,fuel_consumption_combined,lpg,7.5,7.6,true,true,2026-04-01,src_pl_jogger_price_my26_20260401,"Source page 6, section OSIĄGI: LPG: 7,5-7,6"
26,jogger_extreme_5seat_ecog120_automatic_fuel_consumption_combined_petrol_range_20260401,jogger_extreme_5seat_ecog120_automatic,fuel_consumption_combined,petrol,6,6.1,true,true,2026-04-01,src_pl_jogger_price_my26_20260401,"Source page 6, section OSIĄGI: Ben: 6,0-6,1"
27,jogger_journey_5seat_ecog120_automatic_fuel_consumption_combined_lpg_range_20260401,jogger_journey_5seat_ecog120_automatic,fuel_consumption_combined,lpg,7.5,7.6,true,true,2026-04-01,src_pl_jogger_price_my26_20260401,"Source page 6, section OSIĄGI: LPG: 7,5-7,6"
28,jogger_journey_5seat_ecog120_automatic_fuel_consumption_combined_petrol_range_20260401,jogger_journey_5seat_ecog120_automatic,fuel_consumption_combined,petrol,6,6.1,true,true,2026-04-01,src_pl_jogger_price_my26_20260401,"Source page 6, section OSIĄGI: Ben: 6,0-6,1"
29,jogger_extreme_7seat_ecog120_automatic_fuel_consumption_combined_lpg_range_20260401,jogger_extreme_7seat_ecog120_automatic,fuel_consumption_combined,lpg,7.5,7.6,true,true,2026-04-01,src_pl_jogger_price_my26_20260401,"Source page 6, section OSIĄGI: LPG: 7,5-7,6"
30,jogger_extreme_7seat_ecog120_automatic_fuel_consumption_combined_petrol_range_20260401,jogger_extreme_7seat_ecog120_automatic,fuel_consumption_combined,petrol,6,6.1,true,true,2026-04-01,src_pl_jogger_price_my26_20260401,"Source page 6, section OSIĄGI: Ben: 6,0-6,1"
31,jogger_journey_7seat_ecog120_automatic_fuel_consumption_combined_lpg_range_20260401,jogger_journey_7seat_ecog120_automatic,fuel_consumption_combined,lpg,7.5,7.6,true,true,2026-04-01,src_pl_jogger_price_my26_20260401,"Source page 6, section OSIĄGI: LPG: 7,5-7,6"
32,jogger_journey_7seat_ecog120_automatic_fuel_consumption_combined_petrol_range_20260401,jogger_journey_7seat_ecog120_automatic,fuel_consumption_combined,petrol,6,6.1,true,true,2026-04-01,src_pl_jogger_price_my26_20260401,"Source page 6, section OSIĄGI: Ben: 6,0-6,1"
33,jogger_extreme_5seat_ecog120_automatic_co2_emissions_lpg_range_20260401,jogger_extreme_5seat_ecog120_automatic,co2_emissions,lpg,121,123,true,true,2026-04-01,src_pl_jogger_price_my26_20260401,"Source page 6, section OSIĄGI: LPG: 121-123"
34,jogger_extreme_5seat_ecog120_automatic_co2_emissions_petrol_range_20260401,jogger_extreme_5seat_ecog120_automatic,co2_emissions,petrol,137,138,true,true,2026-04-01,src_pl_jogger_price_my26_20260401,"Source page 6, section OSIĄGI: Ben: 137-138"
35,jogger_journey_5seat_ecog120_automatic_co2_emissions_lpg_range_20260401,jogger_journey_5seat_ecog120_automatic,co2_emissions,lpg,121,123,true,true,2026-04-01,src_pl_jogger_price_my26_20260401,"Source page 6, section OSIĄGI: LPG: 121-123"
36,jogger_journey_5seat_ecog120_automatic_co2_emissions_petrol_range_20260401,jogger_journey_5seat_ecog120_automatic,co2_emissions,petrol,137,138,true,true,2026-04-01,src_pl_jogger_price_my26_20260401,"Source page 6, section OSIĄGI: Ben: 137-138"
37,jogger_extreme_7seat_ecog120_automatic_co2_emissions_lpg_range_20260401,jogger_extreme_7seat_ecog120_automatic,co2_emissions,lpg,121,123,true,true,2026-04-01,src_pl_jogger_price_my26_20260401,"Source page 6, section OSIĄGI: LPG: 121-123"
38,jogger_extreme_7seat_ecog120_automatic_co2_emissions_petrol_range_20260401,jogger_extreme_7seat_ecog120_automatic,co2_emissions,petrol,137,138,true,true,2026-04-01,src_pl_jogger_price_my26_20260401,"Source page 6, section OSIĄGI: Ben: 137-138"
39,jogger_journey_7seat_ecog120_automatic_co2_emissions_lpg_range_20260401,jogger_journey_7seat_ecog120_automatic,co2_emissions,lpg,121,123,true,true,2026-04-01,src_pl_jogger_price_my26_20260401,"Source page 6, section OSIĄGI: LPG: 121-123"
40,jogger_journey_7seat_ecog120_automatic_co2_emissions_petrol_range_20260401,jogger_journey_7seat_ecog120_automatic,co2_emissions,petrol,137,138,true,true,2026-04-01,src_pl_jogger_price_my26_20260401,"Source page 6, section OSIĄGI: Ben: 137-138"
41,jogger_expression_5seat_tce110_manual_fuel_consumption_combined_petrol_range_20260401,jogger_expression_5seat_tce110_manual,fuel_consumption_combined,petrol,5.7,5.8,true,true,2026-04-01,src_pl_jogger_price_my26_20260401,"Source page 6, section OSIĄGI: 5,7-5,8"
42,jogger_extreme_5seat_tce110_manual_fuel_consumption_combined_petrol_range_20260401,jogger_extreme_5seat_tce110_manual,fuel_consumption_combined,petrol,5.7,5.8,true,true,2026-04-01,src_pl_jogger_price_my26_20260401,"Source page 6, section OSIĄGI: 5,7-5,8"
43,jogger_journey_5seat_tce110_manual_fuel_consumption_combined_petrol_range_20260401,jogger_journey_5seat_tce110_manual,fuel_consumption_combined,petrol,5.7,5.8,true,true,2026-04-01,src_pl_jogger_price_my26_20260401,"Source page 6, section OSIĄGI: 5,7-5,8"
44,jogger_expression_7seat_tce110_manual_fuel_consumption_combined_petrol_range_20260401,jogger_expression_7seat_tce110_manual,fuel_consumption_combined,petrol,5.7,5.8,true,true,2026-04-01,src_pl_jogger_price_my26_20260401,"Source page 6, section OSIĄGI: 5,7-5,8"
45,jogger_extreme_7seat_tce110_manual_fuel_consumption_combined_petrol_range_20260401,jogger_extreme_7seat_tce110_manual,fuel_consumption_combined,petrol,5.7,5.8,true,true,2026-04-01,src_pl_jogger_price_my26_20260401,"Source page 6, section OSIĄGI: 5,7-5,8"
46,jogger_journey_7seat_tce110_manual_fuel_consumption_combined_petrol_range_20260401,jogger_journey_7seat_tce110_manual,fuel_consumption_combined,petrol,5.7,5.8,true,true,2026-04-01,src_pl_jogger_price_my26_20260401,"Source page 6, section OSIĄGI: 5,7-5,8"
47,jogger_expression_5seat_tce110_manual_co2_emissions_petrol_range_20260401,jogger_expression_5seat_tce110_manual,co2_emissions,petrol,129,131,true,true,2026-04-01,src_pl_jogger_price_my26_20260401,"Source page 6, section OSIĄGI: 129-131"
48,jogger_extreme_5seat_tce110_manual_co2_emissions_petrol_range_20260401,jogger_extreme_5seat_tce110_manual,co2_emissions,petrol,129,131,true,true,2026-04-01,src_pl_jogger_price_my26_20260401,"Source page 6, section OSIĄGI: 129-131"
49,jogger_journey_5seat_tce110_manual_co2_emissions_petrol_range_20260401,jogger_journey_5seat_tce110_manual,co2_emissions,petrol,129,131,true,true,2026-04-01,src_pl_jogger_price_my26_20260401,"Source page 6, section OSIĄGI: 129-131"
50,jogger_expression_7seat_tce110_manual_co2_emissions_petrol_range_20260401,jogger_expression_7seat_tce110_manual,co2_emissions,petrol,129,131,true,true,2026-04-01,src_pl_jogger_price_my26_20260401,"Source page 6, section OSIĄGI: 129-131"
51,jogger_extreme_7seat_tce110_manual_co2_emissions_petrol_range_20260401,jogger_extreme_7seat_tce110_manual,co2_emissions,petrol,129,131,true,true,2026-04-01,src_pl_jogger_price_my26_20260401,"Source page 6, section OSIĄGI: 129-131"
52,jogger_journey_7seat_tce110_manual_co2_emissions_petrol_range_20260401,jogger_journey_7seat_tce110_manual,co2_emissions,petrol,129,131,true,true,2026-04-01,src_pl_jogger_price_my26_20260401,"Source page 6, section OSIĄGI: 129-131"
53,jogger_expression_5seat_hybrid155_automatic_fuel_consumption_combined_petrol_range_20260401,jogger_expression_5seat_hybrid155_automatic,fuel_consumption_combined,petrol,4.5,4.6,true,true,2026-04-01,src_pl_jogger_price_my26_20260401,"Source page 6, section OSIĄGI: 4,5-4,6"
54,jogger_extreme_5seat_hybrid155_automatic_fuel_consumption_combined_petrol_range_20260401,jogger_extreme_5seat_hybrid155_automatic,fuel_consumption_combined,petrol,4.5,4.6,true,true,2026-04-01,src_pl_jogger_price_my26_20260401,"Source page 6, section OSIĄGI: 4,5-4,6"
55,jogger_journey_5seat_hybrid155_automatic_fuel_consumption_combined_petrol_range_20260401,jogger_journey_5seat_hybrid155_automatic,fuel_consumption_combined,petrol,4.5,4.6,true,true,2026-04-01,src_pl_jogger_price_my26_20260401,"Source page 6, section OSIĄGI: 4,5-4,6"
56,jogger_expression_7seat_hybrid155_automatic_fuel_consumption_combined_petrol_range_20260401,jogger_expression_7seat_hybrid155_automatic,fuel_consumption_combined,petrol,4.5,4.6,true,true,2026-04-01,src_pl_jogger_price_my26_20260401,"Source page 6, section OSIĄGI: 4,5-4,6"
57,jogger_extreme_7seat_hybrid155_automatic_fuel_consumption_combined_petrol_range_20260401,jogger_extreme_7seat_hybrid155_automatic,fuel_consumption_combined,petrol,4.5,4.6,true,true,2026-04-01,src_pl_jogger_price_my26_20260401,"Source page 6, section OSIĄGI: 4,5-4,6"
58,jogger_journey_7seat_hybrid155_automatic_fuel_consumption_combined_petrol_range_20260401,jogger_journey_7seat_hybrid155_automatic,fuel_consumption_combined,petrol,4.5,4.6,true,true,2026-04-01,src_pl_jogger_price_my26_20260401,"Source page 6, section OSIĄGI: 4,5-4,6"
59,jogger_expression_5seat_hybrid155_automatic_co2_emissions_petrol_range_20260401,jogger_expression_5seat_hybrid155_automatic,co2_emissions,petrol,103,104,true,true,2026-04-01,src_pl_jogger_price_my26_20260401,"Source page 6, section OSIĄGI: 103-104"
60,jogger_extreme_5seat_hybrid155_automatic_co2_emissions_petrol_range_20260401,jogger_extreme_5seat_hybrid155_automatic,co2_emissions,petrol,103,104,true,true,2026-04-01,src_pl_jogger_price_my26_20260401,"Source page 6, section OSIĄGI: 103-104"
61,jogger_journey_5seat_hybrid155_automatic_co2_emissions_petrol_range_20260401,jogger_journey_5seat_hybrid155_automatic,co2_emissions,petrol,103,104,true,true,2026-04-01,src_pl_jogger_price_my26_20260401,"Source page 6, section OSIĄGI: 103-104"
62,jogger_expression_7seat_hybrid155_automatic_co2_emissions_petrol_range_20260401,jogger_expression_7seat_hybrid155_automatic,co2_emissions,petrol,103,104,true,true,2026-04-01,src_pl_jogger_price_my26_20260401,"Source page 6, section OSIĄGI: 103-104"
63,jogger_extreme_7seat_hybrid155_automatic_co2_emissions_petrol_range_20260401,jogger_extreme_7seat_hybrid155_automatic,co2_emissions,petrol,103,104,true,true,2026-04-01,src_pl_jogger_price_my26_20260401,"Source page 6, section OSIĄGI: 103-104"
64,jogger_journey_7seat_hybrid155_automatic_co2_emissions_petrol_range_20260401,jogger_journey_7seat_hybrid155_automatic,co2_emissions,petrol,103,104,true,true,2026-04-01,src_pl_jogger_price_my26_20260401,"Source page 6, section OSIĄGI: 103-104"
65,jogger_essential_5seat_ecog120_manual_maximum_payload_range_20260401,jogger_essential_5seat_ecog120_manual,maximum_payload,,453,473,true,true,2026-04-01,src_pl_jogger_price_my26_20260401,"Source page 6, section MASY (kg): 453-473 / 598-619"
66,jogger_expression_5seat_ecog120_manual_maximum_payload_range_20260401,jogger_expression_5seat_ecog120_manual,maximum_payload,,453,473,true,true,2026-04-01,src_pl_jogger_price_my26_20260401,"Source page 6, section MASY (kg): 453-473 / 598-619"
67,jogger_extreme_5seat_ecog120_manual_maximum_payload_range_20260401,jogger_extreme_5seat_ecog120_manual,maximum_payload,,453,473,true,true,2026-04-01,src_pl_jogger_price_my26_20260401,"Source page 6, section MASY (kg): 453-473 / 598-619"
68,jogger_essential_7seat_ecog120_manual_maximum_payload_range_20260401,jogger_essential_7seat_ecog120_manual,maximum_payload,,598,619,true,true,2026-04-01,src_pl_jogger_price_my26_20260401,"Source page 6, section MASY (kg): 453-473 / 598-619"
69,jogger_expression_7seat_ecog120_manual_maximum_payload_range_20260401,jogger_expression_7seat_ecog120_manual,maximum_payload,,598,619,true,true,2026-04-01,src_pl_jogger_price_my26_20260401,"Source page 6, section MASY (kg): 453-473 / 598-619"
70,jogger_extreme_7seat_ecog120_manual_maximum_payload_range_20260401,jogger_extreme_7seat_ecog120_manual,maximum_payload,,598,619,true,true,2026-04-01,src_pl_jogger_price_my26_20260401,"Source page 6, section MASY (kg): 453-473 / 598-619"
71,jogger_extreme_5seat_ecog120_automatic_maximum_payload_range_20260401,jogger_extreme_5seat_ecog120_automatic,maximum_payload,,450,459,true,true,2026-04-01,src_pl_jogger_price_my26_20260401,"Source page 6, section MASY (kg): 450-459 / 596-606"
72,jogger_journey_5seat_ecog120_automatic_maximum_payload_range_20260401,jogger_journey_5seat_ecog120_automatic,maximum_payload,,450,459,true,true,2026-04-01,src_pl_jogger_price_my26_20260401,"Source page 6, section MASY (kg): 450-459 / 596-606"
73,jogger_extreme_7seat_ecog120_automatic_maximum_payload_range_20260401,jogger_extreme_7seat_ecog120_automatic,maximum_payload,,596,606,true,true,2026-04-01,src_pl_jogger_price_my26_20260401,"Source page 6, section MASY (kg): 450-459 / 596-606"
74,jogger_journey_7seat_ecog120_automatic_maximum_payload_range_20260401,jogger_journey_7seat_ecog120_automatic,maximum_payload,,596,606,true,true,2026-04-01,src_pl_jogger_price_my26_20260401,"Source page 6, section MASY (kg): 450-459 / 596-606"
75,jogger_expression_5seat_tce110_manual_maximum_payload_range_20260401,jogger_expression_5seat_tce110_manual,maximum_payload,,455,492,true,true,2026-04-01,src_pl_jogger_price_my26_20260401,"Source page 6, section MASY (kg): 455-492 / 594-634"
76,jogger_extreme_5seat_tce110_manual_maximum_payload_range_20260401,jogger_extreme_5seat_tce110_manual,maximum_payload,,455,492,true,true,2026-04-01,src_pl_jogger_price_my26_20260401,"Source page 6, section MASY (kg): 455-492 / 594-634"
77,jogger_journey_5seat_tce110_manual_maximum_payload_range_20260401,jogger_journey_5seat_tce110_manual,maximum_payload,,455,492,true,true,2026-04-01,src_pl_jogger_price_my26_20260401,"Source page 6, section MASY (kg): 455-492 / 594-634"
78,jogger_expression_7seat_tce110_manual_maximum_payload_range_20260401,jogger_expression_7seat_tce110_manual,maximum_payload,,594,634,true,true,2026-04-01,src_pl_jogger_price_my26_20260401,"Source page 6, section MASY (kg): 455-492 / 594-634"
79,jogger_extreme_7seat_tce110_manual_maximum_payload_range_20260401,jogger_extreme_7seat_tce110_manual,maximum_payload,,594,634,true,true,2026-04-01,src_pl_jogger_price_my26_20260401,"Source page 6, section MASY (kg): 455-492 / 594-634"
80,jogger_journey_7seat_tce110_manual_maximum_payload_range_20260401,jogger_journey_7seat_tce110_manual,maximum_payload,,594,634,true,true,2026-04-01,src_pl_jogger_price_my26_20260401,"Source page 6, section MASY (kg): 455-492 / 594-634"
81,jogger_expression_5seat_hybrid155_automatic_maximum_payload_range_20260401,jogger_expression_5seat_hybrid155_automatic,maximum_payload,,457,471,true,true,2026-04-01,src_pl_jogger_price_my26_20260401,"Source page 6, section MASY (kg): 457-471 / 595-612"
82,jogger_extreme_5seat_hybrid155_automatic_maximum_payload_range_20260401,jogger_extreme_5seat_hybrid155_automatic,maximum_payload,,457,471,true,true,2026-04-01,src_pl_jogger_price_my26_20260401,"Source page 6, section MASY (kg): 457-471 / 595-612"
83,jogger_journey_5seat_hybrid155_automatic_maximum_payload_range_20260401,jogger_journey_5seat_hybrid155_automatic,maximum_payload,,457,471,true,true,2026-04-01,src_pl_jogger_price_my26_20260401,"Source page 6, section MASY (kg): 457-471 / 595-612"
84,jogger_expression_7seat_hybrid155_automatic_maximum_payload_range_20260401,jogger_expression_7seat_hybrid155_automatic,maximum_payload,,595,612,true,true,2026-04-01,src_pl_jogger_price_my26_20260401,"Source page 6, section MASY (kg): 457-471 / 595-612"
85,jogger_extreme_7seat_hybrid155_automatic_maximum_payload_range_20260401,jogger_extreme_7seat_hybrid155_automatic,maximum_payload,,595,612,true,true,2026-04-01,src_pl_jogger_price_my26_20260401,"Source page 6, section MASY (kg): 457-471 / 595-612"
86,jogger_journey_7seat_hybrid155_automatic_maximum_payload_range_20260401,jogger_journey_7seat_hybrid155_automatic,maximum_payload,,595,612,true,true,2026-04-01,src_pl_jogger_price_my26_20260401,"Source page 6, section MASY (kg): 457-471 / 595-612"
87,jogger_expression_5seat_hybrid155_automatic_acceleration_0_100_range_20260401,jogger_expression_5seat_hybrid155_automatic,acceleration_0_100,,8.9,9,true,true,2026-04-01,src_pl_jogger_price_my26_20260401,"Source page 6, section OSIĄGI: 8,9-9,0"
88,jogger_extreme_5seat_hybrid155_automatic_acceleration_0_100_range_20260401,jogger_extreme_5seat_hybrid155_automatic,acceleration_0_100,,8.9,9,true,true,2026-04-01,src_pl_jogger_price_my26_20260401,"Source page 6, section OSIĄGI: 8,9-9,0"
89,jogger_journey_5seat_hybrid155_automatic_acceleration_0_100_range_20260401,jogger_journey_5seat_hybrid155_automatic,acceleration_0_100,,8.9,9,true,true,2026-04-01,src_pl_jogger_price_my26_20260401,"Source page 6, section OSIĄGI: 8,9-9,0"
90,jogger_expression_7seat_hybrid155_automatic_acceleration_0_100_range_20260401,jogger_expression_7seat_hybrid155_automatic,acceleration_0_100,,8.9,9,true,true,2026-04-01,src_pl_jogger_price_my26_20260401,"Source page 6, section OSIĄGI: 8,9-9,0"
91,jogger_extreme_7seat_hybrid155_automatic_acceleration_0_100_range_20260401,jogger_extreme_7seat_hybrid155_automatic,acceleration_0_100,,8.9,9,true,true,2026-04-01,src_pl_jogger_price_my26_20260401,"Source page 6, section OSIĄGI: 8,9-9,0"
92,jogger_journey_7seat_hybrid155_automatic_acceleration_0_100_range_20260401,jogger_journey_7seat_hybrid155_automatic,acceleration_0_100,,8.9,9,true,true,2026-04-01,src_pl_jogger_price_my26_20260401,"Source page 6, section OSIĄGI: 8,9-9,0"
93,jogger_essential_5seat_ecog120_manual_max_power_rpm_lpg_range_20260401,jogger_essential_5seat_ecog120_manual,max_power_rpm,lpg,4500,5000,true,true,2026-04-01,src_pl_jogger_price_my26_20260401,"Source page 6, section SILNIKI: LPG: 90 (122) przy 4 500 - 5 000"
94,jogger_essential_5seat_ecog120_manual_max_power_rpm_petrol_range_20260401,jogger_essential_5seat_ecog120_manual,max_power_rpm,petrol,4500,5750,true,true,2026-04-01,src_pl_jogger_price_my26_20260401,"Source page 6, section SILNIKI: Ben: 84 (114) przy 4 500 - 5 750"
95,jogger_expression_5seat_ecog120_manual_max_power_rpm_lpg_range_20260401,jogger_expression_5seat_ecog120_manual,max_power_rpm,lpg,4500,5000,true,true,2026-04-01,src_pl_jogger_price_my26_20260401,"Source page 6, section SILNIKI: LPG: 90 (122) przy 4 500 - 5 000"
96,jogger_expression_5seat_ecog120_manual_max_power_rpm_petrol_range_20260401,jogger_expression_5seat_ecog120_manual,max_power_rpm,petrol,4500,5750,true,true,2026-04-01,src_pl_jogger_price_my26_20260401,"Source page 6, section SILNIKI: Ben: 84 (114) przy 4 500 - 5 750"
97,jogger_extreme_5seat_ecog120_manual_max_power_rpm_lpg_range_20260401,jogger_extreme_5seat_ecog120_manual,max_power_rpm,lpg,4500,5000,true,true,2026-04-01,src_pl_jogger_price_my26_20260401,"Source page 6, section SILNIKI: LPG: 90 (122) przy 4 500 - 5 000"
98,jogger_extreme_5seat_ecog120_manual_max_power_rpm_petrol_range_20260401,jogger_extreme_5seat_ecog120_manual,max_power_rpm,petrol,4500,5750,true,true,2026-04-01,src_pl_jogger_price_my26_20260401,"Source page 6, section SILNIKI: Ben: 84 (114) przy 4 500 - 5 750"
99,jogger_essential_7seat_ecog120_manual_max_power_rpm_lpg_range_20260401,jogger_essential_7seat_ecog120_manual,max_power_rpm,lpg,4500,5000,true,true,2026-04-01,src_pl_jogger_price_my26_20260401,"Source page 6, section SILNIKI: LPG: 90 (122) przy 4 500 - 5 000"
100,jogger_essential_7seat_ecog120_manual_max_power_rpm_petrol_range_20260401,jogger_essential_7seat_ecog120_manual,max_power_rpm,petrol,4500,5750,true,true,2026-04-01,src_pl_jogger_price_my26_20260401,"Source page 6, section SILNIKI: Ben: 84 (114) przy 4 500 - 5 750"
101,jogger_expression_7seat_ecog120_manual_max_power_rpm_lpg_range_20260401,jogger_expression_7seat_ecog120_manual,max_power_rpm,lpg,4500,5000,true,true,2026-04-01,src_pl_jogger_price_my26_20260401,"Source page 6, section SILNIKI: LPG: 90 (122) przy 4 500 - 5 000"
102,jogger_expression_7seat_ecog120_manual_max_power_rpm_petrol_range_20260401,jogger_expression_7seat_ecog120_manual,max_power_rpm,petrol,4500,5750,true,true,2026-04-01,src_pl_jogger_price_my26_20260401,"Source page 6, section SILNIKI: Ben: 84 (114) przy 4 500 - 5 750"
103,jogger_extreme_7seat_ecog120_manual_max_power_rpm_lpg_range_20260401,jogger_extreme_7seat_ecog120_manual,max_power_rpm,lpg,4500,5000,true,true,2026-04-01,src_pl_jogger_price_my26_20260401,"Source page 6, section SILNIKI: LPG: 90 (122) przy 4 500 - 5 000"
104,jogger_extreme_7seat_ecog120_manual_max_power_rpm_petrol_range_20260401,jogger_extreme_7seat_ecog120_manual,max_power_rpm,petrol,4500,5750,true,true,2026-04-01,src_pl_jogger_price_my26_20260401,"Source page 6, section SILNIKI: Ben: 84 (114) przy 4 500 - 5 750"
105,jogger_essential_5seat_ecog120_manual_max_torque_rpm_lpg_range_20260401,jogger_essential_5seat_ecog120_manual,max_torque_rpm,lpg,1750,3750,true,true,2026-04-01,src_pl_jogger_price_my26_20260401,"Source page 6, section SILNIKI: LPG: 197 przy 1 750 - 3 750"
106,jogger_essential_5seat_ecog120_manual_max_torque_rpm_petrol_range_20260401,jogger_essential_5seat_ecog120_manual,max_torque_rpm,petrol,2000,4000,true,true,2026-04-01,src_pl_jogger_price_my26_20260401,"Source page 6, section SILNIKI: Ben: 190 przy 2 000 - 4 000"
107,jogger_expression_5seat_ecog120_manual_max_torque_rpm_lpg_range_20260401,jogger_expression_5seat_ecog120_manual,max_torque_rpm,lpg,1750,3750,true,true,2026-04-01,src_pl_jogger_price_my26_20260401,"Source page 6, section SILNIKI: LPG: 197 przy 1 750 - 3 750"
108,jogger_expression_5seat_ecog120_manual_max_torque_rpm_petrol_range_20260401,jogger_expression_5seat_ecog120_manual,max_torque_rpm,petrol,2000,4000,true,true,2026-04-01,src_pl_jogger_price_my26_20260401,"Source page 6, section SILNIKI: Ben: 190 przy 2 000 - 4 000"
109,jogger_extreme_5seat_ecog120_manual_max_torque_rpm_lpg_range_20260401,jogger_extreme_5seat_ecog120_manual,max_torque_rpm,lpg,1750,3750,true,true,2026-04-01,src_pl_jogger_price_my26_20260401,"Source page 6, section SILNIKI: LPG: 197 przy 1 750 - 3 750"
110,jogger_extreme_5seat_ecog120_manual_max_torque_rpm_petrol_range_20260401,jogger_extreme_5seat_ecog120_manual,max_torque_rpm,petrol,2000,4000,true,true,2026-04-01,src_pl_jogger_price_my26_20260401,"Source page 6, section SILNIKI: Ben: 190 przy 2 000 - 4 000"
111,jogger_essential_7seat_ecog120_manual_max_torque_rpm_lpg_range_20260401,jogger_essential_7seat_ecog120_manual,max_torque_rpm,lpg,1750,3750,true,true,2026-04-01,src_pl_jogger_price_my26_20260401,"Source page 6, section SILNIKI: LPG: 197 przy 1 750 - 3 750"
112,jogger_essential_7seat_ecog120_manual_max_torque_rpm_petrol_range_20260401,jogger_essential_7seat_ecog120_manual,max_torque_rpm,petrol,2000,4000,true,true,2026-04-01,src_pl_jogger_price_my26_20260401,"Source page 6, section SILNIKI: Ben: 190 przy 2 000 - 4 000"
113,jogger_expression_7seat_ecog120_manual_max_torque_rpm_lpg_range_20260401,jogger_expression_7seat_ecog120_manual,max_torque_rpm,lpg,1750,3750,true,true,2026-04-01,src_pl_jogger_price_my26_20260401,"Source page 6, section SILNIKI: LPG: 197 przy 1 750 - 3 750"
114,jogger_expression_7seat_ecog120_manual_max_torque_rpm_petrol_range_20260401,jogger_expression_7seat_ecog120_manual,max_torque_rpm,petrol,2000,4000,true,true,2026-04-01,src_pl_jogger_price_my26_20260401,"Source page 6, section SILNIKI: Ben: 190 przy 2 000 - 4 000"
115,jogger_extreme_7seat_ecog120_manual_max_torque_rpm_lpg_range_20260401,jogger_extreme_7seat_ecog120_manual,max_torque_rpm,lpg,1750,3750,true,true,2026-04-01,src_pl_jogger_price_my26_20260401,"Source page 6, section SILNIKI: LPG: 197 przy 1 750 - 3 750"
116,jogger_extreme_7seat_ecog120_manual_max_torque_rpm_petrol_range_20260401,jogger_extreme_7seat_ecog120_manual,max_torque_rpm,petrol,2000,4000,true,true,2026-04-01,src_pl_jogger_price_my26_20260401,"Source page 6, section SILNIKI: Ben: 190 przy 2 000 - 4 000"
117,jogger_extreme_5seat_ecog120_automatic_max_power_rpm_lpg_range_20260401,jogger_extreme_5seat_ecog120_automatic,max_power_rpm,lpg,4500,5000,true,true,2026-04-01,src_pl_jogger_price_my26_20260401,"Source page 6, section SILNIKI: LPG: 90 (122) przy 4 500 - 5 000"
118,jogger_extreme_5seat_ecog120_automatic_max_power_rpm_petrol_range_20260401,jogger_extreme_5seat_ecog120_automatic,max_power_rpm,petrol,4500,5750,true,true,2026-04-01,src_pl_jogger_price_my26_20260401,"Source page 6, section SILNIKI: Ben: 84 (114) przy 4 500 - 5 750"
119,jogger_journey_5seat_ecog120_automatic_max_power_rpm_lpg_range_20260401,jogger_journey_5seat_ecog120_automatic,max_power_rpm,lpg,4500,5000,true,true,2026-04-01,src_pl_jogger_price_my26_20260401,"Source page 6, section SILNIKI: LPG: 90 (122) przy 4 500 - 5 000"
120,jogger_journey_5seat_ecog120_automatic_max_power_rpm_petrol_range_20260401,jogger_journey_5seat_ecog120_automatic,max_power_rpm,petrol,4500,5750,true,true,2026-04-01,src_pl_jogger_price_my26_20260401,"Source page 6, section SILNIKI: Ben: 84 (114) przy 4 500 - 5 750"
121,jogger_extreme_7seat_ecog120_automatic_max_power_rpm_lpg_range_20260401,jogger_extreme_7seat_ecog120_automatic,max_power_rpm,lpg,4500,5000,true,true,2026-04-01,src_pl_jogger_price_my26_20260401,"Source page 6, section SILNIKI: LPG: 90 (122) przy 4 500 - 5 000"
122,jogger_extreme_7seat_ecog120_automatic_max_power_rpm_petrol_range_20260401,jogger_extreme_7seat_ecog120_automatic,max_power_rpm,petrol,4500,5750,true,true,2026-04-01,src_pl_jogger_price_my26_20260401,"Source page 6, section SILNIKI: Ben: 84 (114) przy 4 500 - 5 750"
123,jogger_journey_7seat_ecog120_automatic_max_power_rpm_lpg_range_20260401,jogger_journey_7seat_ecog120_automatic,max_power_rpm,lpg,4500,5000,true,true,2026-04-01,src_pl_jogger_price_my26_20260401,"Source page 6, section SILNIKI: LPG: 90 (122) przy 4 500 - 5 000"
124,jogger_journey_7seat_ecog120_automatic_max_power_rpm_petrol_range_20260401,jogger_journey_7seat_ecog120_automatic,max_power_rpm,petrol,4500,5750,true,true,2026-04-01,src_pl_jogger_price_my26_20260401,"Source page 6, section SILNIKI: Ben: 84 (114) przy 4 500 - 5 750"
125,jogger_extreme_5seat_ecog120_automatic_max_torque_rpm_lpg_range_20260401,jogger_extreme_5seat_ecog120_automatic,max_torque_rpm,lpg,1750,3750,true,true,2026-04-01,src_pl_jogger_price_my26_20260401,"Source page 6, section SILNIKI: LPG: 197 przy 1 750 - 3 750"
126,jogger_extreme_5seat_ecog120_automatic_max_torque_rpm_petrol_range_20260401,jogger_extreme_5seat_ecog120_automatic,max_torque_rpm,petrol,2000,4000,true,true,2026-04-01,src_pl_jogger_price_my26_20260401,"Source page 6, section SILNIKI: Ben: 190 przy 2 000 - 4 000"
127,jogger_journey_5seat_ecog120_automatic_max_torque_rpm_lpg_range_20260401,jogger_journey_5seat_ecog120_automatic,max_torque_rpm,lpg,1750,3750,true,true,2026-04-01,src_pl_jogger_price_my26_20260401,"Source page 6, section SILNIKI: LPG: 197 przy 1 750 - 3 750"
128,jogger_journey_5seat_ecog120_automatic_max_torque_rpm_petrol_range_20260401,jogger_journey_5seat_ecog120_automatic,max_torque_rpm,petrol,2000,4000,true,true,2026-04-01,src_pl_jogger_price_my26_20260401,"Source page 6, section SILNIKI: Ben: 190 przy 2 000 - 4 000"
129,jogger_extreme_7seat_ecog120_automatic_max_torque_rpm_lpg_range_20260401,jogger_extreme_7seat_ecog120_automatic,max_torque_rpm,lpg,1750,3750,true,true,2026-04-01,src_pl_jogger_price_my26_20260401,"Source page 6, section SILNIKI: LPG: 197 przy 1 750 - 3 750"
130,jogger_extreme_7seat_ecog120_automatic_max_torque_rpm_petrol_range_20260401,jogger_extreme_7seat_ecog120_automatic,max_torque_rpm,petrol,2000,4000,true,true,2026-04-01,src_pl_jogger_price_my26_20260401,"Source page 6, section SILNIKI: Ben: 190 przy 2 000 - 4 000"
131,jogger_journey_7seat_ecog120_automatic_max_torque_rpm_lpg_range_20260401,jogger_journey_7seat_ecog120_automatic,max_torque_rpm,lpg,1750,3750,true,true,2026-04-01,src_pl_jogger_price_my26_20260401,"Source page 6, section SILNIKI: LPG: 197 przy 1 750 - 3 750"
132,jogger_journey_7seat_ecog120_automatic_max_torque_rpm_petrol_range_20260401,jogger_journey_7seat_ecog120_automatic,max_torque_rpm,petrol,2000,4000,true,true,2026-04-01,src_pl_jogger_price_my26_20260401,"Source page 6, section SILNIKI: Ben: 190 przy 2 000 - 4 000"
133,jogger_expression_5seat_tce110_manual_max_power_rpm_petrol_range_20260401,jogger_expression_5seat_tce110_manual,max_power_rpm,petrol,5000,5250,true,true,2026-04-01,src_pl_jogger_price_my26_20260401,"Source page 6, section SILNIKI: 81 (110) przy 5 000- 5 250"
134,jogger_extreme_5seat_tce110_manual_max_power_rpm_petrol_range_20260401,jogger_extreme_5seat_tce110_manual,max_power_rpm,petrol,5000,5250,true,true,2026-04-01,src_pl_jogger_price_my26_20260401,"Source page 6, section SILNIKI: 81 (110) przy 5 000- 5 250"
135,jogger_journey_5seat_tce110_manual_max_power_rpm_petrol_range_20260401,jogger_journey_5seat_tce110_manual,max_power_rpm,petrol,5000,5250,true,true,2026-04-01,src_pl_jogger_price_my26_20260401,"Source page 6, section SILNIKI: 81 (110) przy 5 000- 5 250"
136,jogger_expression_7seat_tce110_manual_max_power_rpm_petrol_range_20260401,jogger_expression_7seat_tce110_manual,max_power_rpm,petrol,5000,5250,true,true,2026-04-01,src_pl_jogger_price_my26_20260401,"Source page 6, section SILNIKI: 81 (110) przy 5 000- 5 250"
137,jogger_extreme_7seat_tce110_manual_max_power_rpm_petrol_range_20260401,jogger_extreme_7seat_tce110_manual,max_power_rpm,petrol,5000,5250,true,true,2026-04-01,src_pl_jogger_price_my26_20260401,"Source page 6, section SILNIKI: 81 (110) przy 5 000- 5 250"
138,jogger_journey_7seat_tce110_manual_max_power_rpm_petrol_range_20260401,jogger_journey_7seat_tce110_manual,max_power_rpm,petrol,5000,5250,true,true,2026-04-01,src_pl_jogger_price_my26_20260401,"Source page 6, section SILNIKI: 81 (110) przy 5 000- 5 250"
139,jogger_expression_5seat_tce110_manual_max_torque_rpm_petrol_range_20260401,jogger_expression_5seat_tce110_manual,max_torque_rpm,petrol,2900,3500,true,true,2026-04-01,src_pl_jogger_price_my26_20260401,"Source page 6, section SILNIKI: 200 przy 2 900 - 3 500"
140,jogger_extreme_5seat_tce110_manual_max_torque_rpm_petrol_range_20260401,jogger_extreme_5seat_tce110_manual,max_torque_rpm,petrol,2900,3500,true,true,2026-04-01,src_pl_jogger_price_my26_20260401,"Source page 6, section SILNIKI: 200 przy 2 900 - 3 500"
141,jogger_journey_5seat_tce110_manual_max_torque_rpm_petrol_range_20260401,jogger_journey_5seat_tce110_manual,max_torque_rpm,petrol,2900,3500,true,true,2026-04-01,src_pl_jogger_price_my26_20260401,"Source page 6, section SILNIKI: 200 przy 2 900 - 3 500"
142,jogger_expression_7seat_tce110_manual_max_torque_rpm_petrol_range_20260401,jogger_expression_7seat_tce110_manual,max_torque_rpm,petrol,2900,3500,true,true,2026-04-01,src_pl_jogger_price_my26_20260401,"Source page 6, section SILNIKI: 200 przy 2 900 - 3 500"
143,jogger_extreme_7seat_tce110_manual_max_torque_rpm_petrol_range_20260401,jogger_extreme_7seat_tce110_manual,max_torque_rpm,petrol,2900,3500,true,true,2026-04-01,src_pl_jogger_price_my26_20260401,"Source page 6, section SILNIKI: 200 przy 2 900 - 3 500"
144,jogger_journey_7seat_tce110_manual_max_torque_rpm_petrol_range_20260401,jogger_journey_7seat_tce110_manual,max_torque_rpm,petrol,2900,3500,true,true,2026-04-01,src_pl_jogger_price_my26_20260401,"Source page 6, section SILNIKI: 200 przy 2 900 - 3 500"
145,bigster_essential_mildhybrid140_4x2_manual_maximum_payload_range_20260703,bigster_essential_mildhybrid140_4x2_manual,maximum_payload,,451,540,true,true,2026-07-03,src_pl_bigster_price_my26_20260703,"Source page 6, section MASY (kg): 451/540"
146,bigster_expression_mildhybrid140_4x2_manual_maximum_payload_range_20260703,bigster_expression_mildhybrid140_4x2_manual,maximum_payload,,451,540,true,true,2026-07-03,src_pl_bigster_price_my26_20260703,"Source page 6, section MASY (kg): 451/540"
147,bigster_extreme_mildhybrid140_4x2_manual_maximum_payload_range_20260703,bigster_extreme_mildhybrid140_4x2_manual,maximum_payload,,451,540,true,true,2026-07-03,src_pl_bigster_price_my26_20260703,"Source page 6, section MASY (kg): 451/540"
148,bigster_journey_mildhybrid140_4x2_manual_maximum_payload_range_20260703,bigster_journey_mildhybrid140_4x2_manual,maximum_payload,,451,540,true,true,2026-07-03,src_pl_bigster_price_my26_20260703,"Source page 6, section MASY (kg): 451/540"
149,bigster_essential_mildhybridg140_4x2_manual_maximum_payload_range_20260703,bigster_essential_mildhybridg140_4x2_manual,maximum_payload,,451,540,true,true,2026-07-03,src_pl_bigster_price_my26_20260703,"Source page 6, section MASY (kg): 451/540"
150,bigster_expression_mildhybridg140_4x2_manual_maximum_payload_range_20260703,bigster_expression_mildhybridg140_4x2_manual,maximum_payload,,451,540,true,true,2026-07-03,src_pl_bigster_price_my26_20260703,"Source page 6, section MASY (kg): 451/540"
151,bigster_extreme_mildhybridg140_4x2_manual_maximum_payload_range_20260703,bigster_extreme_mildhybridg140_4x2_manual,maximum_payload,,451,540,true,true,2026-07-03,src_pl_bigster_price_my26_20260703,"Source page 6, section MASY (kg): 451/540"
152,bigster_journey_mildhybridg140_4x2_manual_maximum_payload_range_20260703,bigster_journey_mildhybridg140_4x2_manual,maximum_payload,,451,540,true,true,2026-07-03,src_pl_bigster_price_my26_20260703,"Source page 6, section MASY (kg): 451/540"
153,bigster_expression_hybridg150_4x4_automatic_maximum_payload_range_20260703,bigster_expression_hybridg150_4x4_automatic,maximum_payload,,462,509,true,true,2026-07-03,src_pl_bigster_price_my26_20260703,"Source page 6, section MASY (kg): 462/509"
154,bigster_extreme_hybridg150_4x4_automatic_maximum_payload_range_20260703,bigster_extreme_hybridg150_4x4_automatic,maximum_payload,,462,509,true,true,2026-07-03,src_pl_bigster_price_my26_20260703,"Source page 6, section MASY (kg): 462/509"
155,bigster_journey_hybridg150_4x4_automatic_maximum_payload_range_20260703,bigster_journey_hybridg150_4x4_automatic,maximum_payload,,462,509,true,true,2026-07-03,src_pl_bigster_price_my26_20260703,"Source page 6, section MASY (kg): 462/509"
156,bigster_expression_hybrid155_4x2_automatic_maximum_payload_range_20260703,bigster_expression_hybrid155_4x2_automatic,maximum_payload,,453,521,true,true,2026-07-03,src_pl_bigster_price_my26_20260703,"Source page 6, section MASY (kg): 453/521"
157,bigster_extreme_hybrid155_4x2_automatic_maximum_payload_range_20260703,bigster_extreme_hybrid155_4x2_automatic,maximum_payload,,453,521,true,true,2026-07-03,src_pl_bigster_price_my26_20260703,"Source page 6, section MASY (kg): 453/521"
158,bigster_journey_hybrid155_4x2_automatic_maximum_payload_range_20260703,bigster_journey_hybrid155_4x2_automatic,maximum_payload,,453,521,true,true,2026-07-03,src_pl_bigster_price_my26_20260703,"Source page 6, section MASY (kg): 453/521"
159,duster_iii_expression_ecog120_4x2_automatic_kerb_weight_all_src_ro_duster_ecog120_automatic_homologation_20260725_20260725_range,duster_iii_expression_ecog120_4x2_automatic,kerb_weight,,1358,1381,true,true,2026-07-25,src_ro_duster_ecog120_automatic_homologation_20260725,Exact official Dacia RO automatic card UU1DJF01177585830: Masa proprie vehicul minima/maxima (la gol): 1358 / 1381 kg. The source-stated endpoints are preserved without inference.
160,duster_iii_expression_ecog120_4x2_automatic_max_power_rpm_lpg_src_ro_duster_ecog120_automatic_homologation_20260725_20260725_range,duster_iii_expression_ecog120_4x2_automatic,max_power_rpm,lpg,4500,5000,true,true,2026-07-25,src_ro_duster_ecog120_automatic_homologation_20260725,Exact official Dacia RO automatic card UU1DJF01177585830: GPL: 90 @4500-5000. The source-stated endpoints are preserved without inference.
161,duster_iii_expression_ecog120_4x2_automatic_max_power_rpm_petrol_src_ro_duster_ecog120_automatic_homologation_20260725_20260725_range,duster_iii_expression_ecog120_4x2_automatic,max_power_rpm,petrol,4500,5750,true,true,2026-07-25,src_ro_duster_ecog120_automatic_homologation_20260725,Exact official Dacia RO automatic card UU1DJF01177585830: B: 84 @4500-5750. The source-stated endpoints are preserved without inference.
162,duster_iii_expression_ecog120_4x2_automatic_max_torque_rpm_lpg_src_ro_duster_ecog120_automatic_homologation_20260725_20260725_range,duster_iii_expression_ecog120_4x2_automatic,max_torque_rpm,lpg,1750,4000,true,true,2026-07-25,src_ro_duster_ecog120_automatic_homologation_20260725,Exact official Dacia RO automatic card UU1DJF01177585830: 200Nm@1750-4000 (GPL). The source-stated endpoints are preserved without inference.
163,duster_iii_expression_ecog120_4x2_automatic_max_torque_rpm_petrol_src_ro_duster_ecog120_automatic_homologation_20260725_20260725_range,duster_iii_expression_ecog120_4x2_automatic,max_torque_rpm,petrol,1750,4000,true,true,2026-07-25,src_ro_duster_ecog120_automatic_homologation_20260725,Exact official Dacia RO automatic card UU1DJF01177585830: 190Nm@1750-4000 (benzina). The source-stated endpoints are preserved without inference.
164,duster_iii_expression_ecog120_4x2_automatic_maximum_payload_all_src_ro_duster_ecog120_automatic_homologation_20260725_20260725_range,duster_iii_expression_ecog120_4x2_automatic,maximum_payload,,454,477,true,true,2026-07-25,src_ro_duster_ecog120_automatic_homologation_20260725,Exact official Dacia RO automatic card UU1DJF01177585830: Sarcina utila (min-max) - cu sofer 75 kg: 454 / 477 kg. The source-stated endpoints are preserved without inference.
165,duster_iii_extreme_ecog120_4x2_automatic_kerb_weight_all_src_ro_duster_ecog120_automatic_homologation_20260725_20260725_range,duster_iii_extreme_ecog120_4x2_automatic,kerb_weight,,1358,1381,true,true,2026-07-25,src_ro_duster_ecog120_automatic_homologation_20260725,Exact official Dacia RO automatic card UU1DJF01577585894: Masa proprie vehicul minima/maxima (la gol): 1358 / 1381 kg. The source-stated endpoints are preserved without inference.
166,duster_iii_extreme_ecog120_4x2_automatic_max_power_rpm_lpg_src_ro_duster_ecog120_automatic_homologation_20260725_20260725_range,duster_iii_extreme_ecog120_4x2_automatic,max_power_rpm,lpg,4500,5000,true,true,2026-07-25,src_ro_duster_ecog120_automatic_homologation_20260725,Exact official Dacia RO automatic card UU1DJF01577585894: GPL: 90 @4500-5000. The source-stated endpoints are preserved without inference.
167,duster_iii_extreme_ecog120_4x2_automatic_max_power_rpm_petrol_src_ro_duster_ecog120_automatic_homologation_20260725_20260725_range,duster_iii_extreme_ecog120_4x2_automatic,max_power_rpm,petrol,4500,5750,true,true,2026-07-25,src_ro_duster_ecog120_automatic_homologation_20260725,Exact official Dacia RO automatic card UU1DJF01577585894: B: 84 @4500-5750. The source-stated endpoints are preserved without inference.
168,duster_iii_extreme_ecog120_4x2_automatic_max_torque_rpm_lpg_src_ro_duster_ecog120_automatic_homologation_20260725_20260725_range,duster_iii_extreme_ecog120_4x2_automatic,max_torque_rpm,lpg,1750,4000,true,true,2026-07-25,src_ro_duster_ecog120_automatic_homologation_20260725,Exact official Dacia RO automatic card UU1DJF01577585894: 200Nm@1750-4000 (GPL). The source-stated endpoints are preserved without inference.
169,duster_iii_extreme_ecog120_4x2_automatic_max_torque_rpm_petrol_src_ro_duster_ecog120_automatic_homologation_20260725_20260725_range,duster_iii_extreme_ecog120_4x2_automatic,max_torque_rpm,petrol,1750,4000,true,true,2026-07-25,src_ro_duster_ecog120_automatic_homologation_20260725,Exact official Dacia RO automatic card UU1DJF01577585894: 190Nm@1750-4000 (benzina). The source-stated endpoints are preserved without inference.
170,duster_iii_extreme_ecog120_4x2_automatic_maximum_payload_all_src_ro_duster_ecog120_automatic_homologation_20260725_20260725_range,duster_iii_extreme_ecog120_4x2_automatic,maximum_payload,,454,477,true,true,2026-07-25,src_ro_duster_ecog120_automatic_homologation_20260725,Exact official Dacia RO automatic card UU1DJF01577585894: Sarcina utila (min-max) - cu sofer 75 kg: 454 / 477 kg. The source-stated endpoints are preserved without inference.
171,duster_iii_journey_ecog120_4x2_automatic_kerb_weight_all_src_ro_duster_ecog120_automatic_homologation_20260725_20260725_range,duster_iii_journey_ecog120_4x2_automatic,kerb_weight,,1358,1381,true,true,2026-07-25,src_ro_duster_ecog120_automatic_homologation_20260725,Exact official Dacia RO automatic card UU1DJF01977030219: Masa proprie vehicul minima/maxima (la gol): 1358 / 1381 kg. The source-stated endpoints are preserved without inference.
172,duster_iii_journey_ecog120_4x2_automatic_max_power_rpm_lpg_src_ro_duster_ecog120_automatic_homologation_20260725_20260725_range,duster_iii_journey_ecog120_4x2_automatic,max_power_rpm,lpg,4500,5000,true,true,2026-07-25,src_ro_duster_ecog120_automatic_homologation_20260725,Exact official Dacia RO automatic card UU1DJF01977030219: GPL: 90 @4500-5000. The source-stated endpoints are preserved without inference.
173,duster_iii_journey_ecog120_4x2_automatic_max_power_rpm_petrol_src_ro_duster_ecog120_automatic_homologation_20260725_20260725_range,duster_iii_journey_ecog120_4x2_automatic,max_power_rpm,petrol,4500,5750,true,true,2026-07-25,src_ro_duster_ecog120_automatic_homologation_20260725,Exact official Dacia RO automatic card UU1DJF01977030219: B: 84 @4500-5750. The source-stated endpoints are preserved without inference.
174,duster_iii_journey_ecog120_4x2_automatic_max_torque_rpm_lpg_src_ro_duster_ecog120_automatic_homologation_20260725_20260725_range,duster_iii_journey_ecog120_4x2_automatic,max_torque_rpm,lpg,1750,4000,true,true,2026-07-25,src_ro_duster_ecog120_automatic_homologation_20260725,Exact official Dacia RO automatic card UU1DJF01977030219: 200Nm@1750-4000 (GPL). The source-stated endpoints are preserved without inference.
175,duster_iii_journey_ecog120_4x2_automatic_max_torque_rpm_petrol_src_ro_duster_ecog120_automatic_homologation_20260725_20260725_range,duster_iii_journey_ecog120_4x2_automatic,max_torque_rpm,petrol,1750,4000,true,true,2026-07-25,src_ro_duster_ecog120_automatic_homologation_20260725,Exact official Dacia RO automatic card UU1DJF01977030219: 190Nm@1750-4000 (benzina). The source-stated endpoints are preserved without inference.
176,duster_iii_journey_ecog120_4x2_automatic_maximum_payload_all_src_ro_duster_ecog120_automatic_homologation_20260725_20260725_range,duster_iii_journey_ecog120_4x2_automatic,maximum_payload,,454,477,true,true,2026-07-25,src_ro_duster_ecog120_automatic_homologation_20260725,Exact official Dacia RO automatic card UU1DJF01977030219: Sarcina utila (min-max) - cu sofer 75 kg: 454 / 477 kg. The source-stated endpoints are preserved without inference.
177,jogger_expression_5seat_tce110_manual_max_power_rpm_petrol_range_20251217,jogger_expression_5seat_tce110_manual,max_power_rpm,petrol,5000,5250,true,true,2025-12-17,src_pl_jogger_brochure_20251217,Official brochure page 19: TCe 110: maks. moc od 5000 do 5250 obr./min
178,jogger_extreme_5seat_tce110_manual_max_power_rpm_petrol_range_20251217,jogger_extreme_5seat_tce110_manual,max_power_rpm,petrol,5000,5250,true,true,2025-12-17,src_pl_jogger_brochure_20251217,Official brochure page 19: TCe 110: maks. moc od 5000 do 5250 obr./min
179,jogger_journey_5seat_tce110_manual_max_power_rpm_petrol_range_20251217,jogger_journey_5seat_tce110_manual,max_power_rpm,petrol,5000,5250,true,true,2025-12-17,src_pl_jogger_brochure_20251217,Official brochure page 19: TCe 110: maks. moc od 5000 do 5250 obr./min
180,jogger_expression_7seat_tce110_manual_max_power_rpm_petrol_range_20251217,jogger_expression_7seat_tce110_manual,max_power_rpm,petrol,5000,5250,true,true,2025-12-17,src_pl_jogger_brochure_20251217,Official brochure page 19: TCe 110: maks. moc od 5000 do 5250 obr./min
181,jogger_extreme_7seat_tce110_manual_max_power_rpm_petrol_range_20251217,jogger_extreme_7seat_tce110_manual,max_power_rpm,petrol,5000,5250,true,true,2025-12-17,src_pl_jogger_brochure_20251217,Official brochure page 19: TCe 110: maks. moc od 5000 do 5250 obr./min
182,jogger_journey_7seat_tce110_manual_max_power_rpm_petrol_range_20251217,jogger_journey_7seat_tce110_manual,max_power_rpm,petrol,5000,5250,true,true,2025-12-17,src_pl_jogger_brochure_20251217,Official brochure page 19: TCe 110: maks. moc od 5000 do 5250 obr./min
183,jogger_essential_5seat_ecog120_manual_max_power_rpm_lpg_range_20251217,jogger_essential_5seat_ecog120_manual,max_power_rpm,lpg,4500,5000,true,true,2025-12-17,src_pl_jogger_brochure_20251217,Official brochure page 19: Eco-G 120 LPG: maks. moc od 4500 do 5000 obr./min
184,jogger_expression_5seat_ecog120_manual_max_power_rpm_lpg_range_20251217,jogger_expression_5seat_ecog120_manual,max_power_rpm,lpg,4500,5000,true,true,2025-12-17,src_pl_jogger_brochure_20251217,Official brochure page 19: Eco-G 120 LPG: maks. moc od 4500 do 5000 obr./min
185,jogger_extreme_5seat_ecog120_manual_max_power_rpm_lpg_range_20251217,jogger_extreme_5seat_ecog120_manual,max_power_rpm,lpg,4500,5000,true,true,2025-12-17,src_pl_jogger_brochure_20251217,Official brochure page 19: Eco-G 120 LPG: maks. moc od 4500 do 5000 obr./min
186,jogger_essential_7seat_ecog120_manual_max_power_rpm_lpg_range_20251217,jogger_essential_7seat_ecog120_manual,max_power_rpm,lpg,4500,5000,true,true,2025-12-17,src_pl_jogger_brochure_20251217,Official brochure page 19: Eco-G 120 LPG: maks. moc od 4500 do 5000 obr./min
187,jogger_expression_7seat_ecog120_manual_max_power_rpm_lpg_range_20251217,jogger_expression_7seat_ecog120_manual,max_power_rpm,lpg,4500,5000,true,true,2025-12-17,src_pl_jogger_brochure_20251217,Official brochure page 19: Eco-G 120 LPG: maks. moc od 4500 do 5000 obr./min
188,jogger_extreme_7seat_ecog120_manual_max_power_rpm_lpg_range_20251217,jogger_extreme_7seat_ecog120_manual,max_power_rpm,lpg,4500,5000,true,true,2025-12-17,src_pl_jogger_brochure_20251217,Official brochure page 19: Eco-G 120 LPG: maks. moc od 4500 do 5000 obr./min
189,jogger_extreme_5seat_ecog120_automatic_max_power_rpm_lpg_range_20251217,jogger_extreme_5seat_ecog120_automatic,max_power_rpm,lpg,4500,5000,true,true,2025-12-17,src_pl_jogger_brochure_20251217,Official brochure page 19: Eco-G 120 LPG: maks. moc od 4500 do 5000 obr./min
190,jogger_journey_5seat_ecog120_automatic_max_power_rpm_lpg_range_20251217,jogger_journey_5seat_ecog120_automatic,max_power_rpm,lpg,4500,5000,true,true,2025-12-17,src_pl_jogger_brochure_20251217,Official brochure page 19: Eco-G 120 LPG: maks. moc od 4500 do 5000 obr./min
191,jogger_extreme_7seat_ecog120_automatic_max_power_rpm_lpg_range_20251217,jogger_extreme_7seat_ecog120_automatic,max_power_rpm,lpg,4500,5000,true,true,2025-12-17,src_pl_jogger_brochure_20251217,Official brochure page 19: Eco-G 120 LPG: maks. moc od 4500 do 5000 obr./min
192,jogger_journey_7seat_ecog120_automatic_max_power_rpm_lpg_range_20251217,jogger_journey_7seat_ecog120_automatic,max_power_rpm,lpg,4500,5000,true,true,2025-12-17,src_pl_jogger_brochure_20251217,Official brochure page 19: Eco-G 120 LPG: maks. moc od 4500 do 5000 obr./min
193,jogger_essential_5seat_ecog120_manual_max_power_rpm_petrol_range_20251217,jogger_essential_5seat_ecog120_manual,max_power_rpm,petrol,4500,5000,true,true,2025-12-17,src_pl_jogger_brochure_20251217,Official brochure page 19: Eco-G 120 benzyna: maks. moc od 4500 do 5000 obr./min
194,jogger_expression_5seat_ecog120_manual_max_power_rpm_petrol_range_20251217,jogger_expression_5seat_ecog120_manual,max_power_rpm,petrol,4500,5000,true,true,2025-12-17,src_pl_jogger_brochure_20251217,Official brochure page 19: Eco-G 120 benzyna: maks. moc od 4500 do 5000 obr./min
195,jogger_extreme_5seat_ecog120_manual_max_power_rpm_petrol_range_20251217,jogger_extreme_5seat_ecog120_manual,max_power_rpm,petrol,4500,5000,true,true,2025-12-17,src_pl_jogger_brochure_20251217,Official brochure page 19: Eco-G 120 benzyna: maks. moc od 4500 do 5000 obr./min
196,jogger_essential_7seat_ecog120_manual_max_power_rpm_petrol_range_20251217,jogger_essential_7seat_ecog120_manual,max_power_rpm,petrol,4500,5000,true,true,2025-12-17,src_pl_jogger_brochure_20251217,Official brochure page 19: Eco-G 120 benzyna: maks. moc od 4500 do 5000 obr./min
197,jogger_expression_7seat_ecog120_manual_max_power_rpm_petrol_range_20251217,jogger_expression_7seat_ecog120_manual,max_power_rpm,petrol,4500,5000,true,true,2025-12-17,src_pl_jogger_brochure_20251217,Official brochure page 19: Eco-G 120 benzyna: maks. moc od 4500 do 5000 obr./min
198,jogger_extreme_7seat_ecog120_manual_max_power_rpm_petrol_range_20251217,jogger_extreme_7seat_ecog120_manual,max_power_rpm,petrol,4500,5000,true,true,2025-12-17,src_pl_jogger_brochure_20251217,Official brochure page 19: Eco-G 120 benzyna: maks. moc od 4500 do 5000 obr./min
199,jogger_extreme_5seat_ecog120_automatic_max_power_rpm_petrol_range_20251217,jogger_extreme_5seat_ecog120_automatic,max_power_rpm,petrol,4500,5000,true,true,2025-12-17,src_pl_jogger_brochure_20251217,Official brochure page 19: Eco-G 120 benzyna: maks. moc od 4500 do 5000 obr./min
200,jogger_journey_5seat_ecog120_automatic_max_power_rpm_petrol_range_20251217,jogger_journey_5seat_ecog120_automatic,max_power_rpm,petrol,4500,5000,true,true,2025-12-17,src_pl_jogger_brochure_20251217,Official brochure page 19: Eco-G 120 benzyna: maks. moc od 4500 do 5000 obr./min
201,jogger_extreme_7seat_ecog120_automatic_max_power_rpm_petrol_range_20251217,jogger_extreme_7seat_ecog120_automatic,max_power_rpm,petrol,4500,5000,true,true,2025-12-17,src_pl_jogger_brochure_20251217,Official brochure page 19: Eco-G 120 benzyna: maks. moc od 4500 do 5000 obr./min
202,jogger_journey_7seat_ecog120_automatic_max_power_rpm_petrol_range_20251217,jogger_journey_7seat_ecog120_automatic,max_power_rpm,petrol,4500,5000,true,true,2025-12-17,src_pl_jogger_brochure_20251217,Official brochure page 19: Eco-G 120 benzyna: maks. moc od 4500 do 5000 obr./min
203,jogger_expression_5seat_tce110_manual_max_torque_rpm_petrol_range_20251217,jogger_expression_5seat_tce110_manual,max_torque_rpm,petrol,2900,3500,true,true,2025-12-17,src_pl_jogger_brochure_20251217,Official brochure page 19: TCe 110: maks. moment od 2900 do 3500 obr./min
204,jogger_extreme_5seat_tce110_manual_max_torque_rpm_petrol_range_20251217,jogger_extreme_5seat_tce110_manual,max_torque_rpm,petrol,2900,3500,true,true,2025-12-17,src_pl_jogger_brochure_20251217,Official brochure page 19: TCe 110: maks. moment od 2900 do 3500 obr./min
205,jogger_journey_5seat_tce110_manual_max_torque_rpm_petrol_range_20251217,jogger_journey_5seat_tce110_manual,max_torque_rpm,petrol,2900,3500,true,true,2025-12-17,src_pl_jogger_brochure_20251217,Official brochure page 19: TCe 110: maks. moment od 2900 do 3500 obr./min
206,jogger_expression_7seat_tce110_manual_max_torque_rpm_petrol_range_20251217,jogger_expression_7seat_tce110_manual,max_torque_rpm,petrol,2900,3500,true,true,2025-12-17,src_pl_jogger_brochure_20251217,Official brochure page 19: TCe 110: maks. moment od 2900 do 3500 obr./min
207,jogger_extreme_7seat_tce110_manual_max_torque_rpm_petrol_range_20251217,jogger_extreme_7seat_tce110_manual,max_torque_rpm,petrol,2900,3500,true,true,2025-12-17,src_pl_jogger_brochure_20251217,Official brochure page 19: TCe 110: maks. moment od 2900 do 3500 obr./min
208,jogger_journey_7seat_tce110_manual_max_torque_rpm_petrol_range_20251217,jogger_journey_7seat_tce110_manual,max_torque_rpm,petrol,2900,3500,true,true,2025-12-17,src_pl_jogger_brochure_20251217,Official brochure page 19: TCe 110: maks. moment od 2900 do 3500 obr./min
209,jogger_essential_5seat_ecog120_manual_max_torque_rpm_lpg_range_20251217,jogger_essential_5seat_ecog120_manual,max_torque_rpm,lpg,1750,3750,true,true,2025-12-17,src_pl_jogger_brochure_20251217,Official brochure page 19: Eco-G 120 LPG: maks. moment od 1750 do 3750 obr./min
210,jogger_expression_5seat_ecog120_manual_max_torque_rpm_lpg_range_20251217,jogger_expression_5seat_ecog120_manual,max_torque_rpm,lpg,1750,3750,true,true,2025-12-17,src_pl_jogger_brochure_20251217,Official brochure page 19: Eco-G 120 LPG: maks. moment od 1750 do 3750 obr./min
211,jogger_extreme_5seat_ecog120_manual_max_torque_rpm_lpg_range_20251217,jogger_extreme_5seat_ecog120_manual,max_torque_rpm,lpg,1750,3750,true,true,2025-12-17,src_pl_jogger_brochure_20251217,Official brochure page 19: Eco-G 120 LPG: maks. moment od 1750 do 3750 obr./min
212,jogger_essential_7seat_ecog120_manual_max_torque_rpm_lpg_range_20251217,jogger_essential_7seat_ecog120_manual,max_torque_rpm,lpg,1750,3750,true,true,2025-12-17,src_pl_jogger_brochure_20251217,Official brochure page 19: Eco-G 120 LPG: maks. moment od 1750 do 3750 obr./min
213,jogger_expression_7seat_ecog120_manual_max_torque_rpm_lpg_range_20251217,jogger_expression_7seat_ecog120_manual,max_torque_rpm,lpg,1750,3750,true,true,2025-12-17,src_pl_jogger_brochure_20251217,Official brochure page 19: Eco-G 120 LPG: maks. moment od 1750 do 3750 obr./min
214,jogger_extreme_7seat_ecog120_manual_max_torque_rpm_lpg_range_20251217,jogger_extreme_7seat_ecog120_manual,max_torque_rpm,lpg,1750,3750,true,true,2025-12-17,src_pl_jogger_brochure_20251217,Official brochure page 19: Eco-G 120 LPG: maks. moment od 1750 do 3750 obr./min
215,jogger_extreme_5seat_ecog120_automatic_max_torque_rpm_lpg_range_20251217,jogger_extreme_5seat_ecog120_automatic,max_torque_rpm,lpg,1750,3750,true,true,2025-12-17,src_pl_jogger_brochure_20251217,Official brochure page 19: Eco-G 120 LPG: maks. moment od 1750 do 3750 obr./min
216,jogger_journey_5seat_ecog120_automatic_max_torque_rpm_lpg_range_20251217,jogger_journey_5seat_ecog120_automatic,max_torque_rpm,lpg,1750,3750,true,true,2025-12-17,src_pl_jogger_brochure_20251217,Official brochure page 19: Eco-G 120 LPG: maks. moment od 1750 do 3750 obr./min
217,jogger_extreme_7seat_ecog120_automatic_max_torque_rpm_lpg_range_20251217,jogger_extreme_7seat_ecog120_automatic,max_torque_rpm,lpg,1750,3750,true,true,2025-12-17,src_pl_jogger_brochure_20251217,Official brochure page 19: Eco-G 120 LPG: maks. moment od 1750 do 3750 obr./min
218,jogger_journey_7seat_ecog120_automatic_max_torque_rpm_lpg_range_20251217,jogger_journey_7seat_ecog120_automatic,max_torque_rpm,lpg,1750,3750,true,true,2025-12-17,src_pl_jogger_brochure_20251217,Official brochure page 19: Eco-G 120 LPG: maks. moment od 1750 do 3750 obr./min
219,jogger_essential_5seat_ecog120_manual_max_torque_rpm_petrol_range_20251217,jogger_essential_5seat_ecog120_manual,max_torque_rpm,petrol,2000,4000,true,true,2025-12-17,src_pl_jogger_brochure_20251217,Official brochure page 19: Eco-G 120 benzyna: maks. moment od 2000 do 4000 obr./min
220,jogger_expression_5seat_ecog120_manual_max_torque_rpm_petrol_range_20251217,jogger_expression_5seat_ecog120_manual,max_torque_rpm,petrol,2000,4000,true,true,2025-12-17,src_pl_jogger_brochure_20251217,Official brochure page 19: Eco-G 120 benzyna: maks. moment od 2000 do 4000 obr./min
221,jogger_extreme_5seat_ecog120_manual_max_torque_rpm_petrol_range_20251217,jogger_extreme_5seat_ecog120_manual,max_torque_rpm,petrol,2000,4000,true,true,2025-12-17,src_pl_jogger_brochure_20251217,Official brochure page 19: Eco-G 120 benzyna: maks. moment od 2000 do 4000 obr./min
222,jogger_essential_7seat_ecog120_manual_max_torque_rpm_petrol_range_20251217,jogger_essential_7seat_ecog120_manual,max_torque_rpm,petrol,2000,4000,true,true,2025-12-17,src_pl_jogger_brochure_20251217,Official brochure page 19: Eco-G 120 benzyna: maks. moment od 2000 do 4000 obr./min
223,jogger_expression_7seat_ecog120_manual_max_torque_rpm_petrol_range_20251217,jogger_expression_7seat_ecog120_manual,max_torque_rpm,petrol,2000,4000,true,true,2025-12-17,src_pl_jogger_brochure_20251217,Official brochure page 19: Eco-G 120 benzyna: maks. moment od 2000 do 4000 obr./min
224,jogger_extreme_7seat_ecog120_manual_max_torque_rpm_petrol_range_20251217,jogger_extreme_7seat_ecog120_manual,max_torque_rpm,petrol,2000,4000,true,true,2025-12-17,src_pl_jogger_brochure_20251217,Official brochure page 19: Eco-G 120 benzyna: maks. moment od 2000 do 4000 obr./min
225,jogger_extreme_5seat_ecog120_automatic_max_torque_rpm_petrol_range_20251217,jogger_extreme_5seat_ecog120_automatic,max_torque_rpm,petrol,2000,4000,true,true,2025-12-17,src_pl_jogger_brochure_20251217,Official brochure page 19: Eco-G 120 benzyna: maks. moment od 2000 do 4000 obr./min
226,jogger_journey_5seat_ecog120_automatic_max_torque_rpm_petrol_range_20251217,jogger_journey_5seat_ecog120_automatic,max_torque_rpm,petrol,2000,4000,true,true,2025-12-17,src_pl_jogger_brochure_20251217,Official brochure page 19: Eco-G 120 benzyna: maks. moment od 2000 do 4000 obr./min
227,jogger_extreme_7seat_ecog120_automatic_max_torque_rpm_petrol_range_20251217,jogger_extreme_7seat_ecog120_automatic,max_torque_rpm,petrol,2000,4000,true,true,2025-12-17,src_pl_jogger_brochure_20251217,Official brochure page 19: Eco-G 120 benzyna: maks. moment od 2000 do 4000 obr./min
228,jogger_journey_7seat_ecog120_automatic_max_torque_rpm_petrol_range_20251217,jogger_journey_7seat_ecog120_automatic,max_torque_rpm,petrol,2000,4000,true,true,2025-12-17,src_pl_jogger_brochure_20251217,Official brochure page 19: Eco-G 120 benzyna: maks. moment od 2000 do 4000 obr./min
229,jogger_expression_5seat_hybrid155_automatic_max_torque_rpm_range_20251217,jogger_expression_5seat_hybrid155_automatic,max_torque_rpm,,3000,4000,true,true,2025-12-17,src_pl_jogger_brochure_20251217,Official brochure page 19: Silnik spalinowy hybrid 155: maks. moment od 3000 do 4000 obr./min
230,jogger_extreme_5seat_hybrid155_automatic_max_torque_rpm_range_20251217,jogger_extreme_5seat_hybrid155_automatic,max_torque_rpm,,3000,4000,true,true,2025-12-17,src_pl_jogger_brochure_20251217,Official brochure page 19: Silnik spalinowy hybrid 155: maks. moment od 3000 do 4000 obr./min
231,jogger_journey_5seat_hybrid155_automatic_max_torque_rpm_range_20251217,jogger_journey_5seat_hybrid155_automatic,max_torque_rpm,,3000,4000,true,true,2025-12-17,src_pl_jogger_brochure_20251217,Official brochure page 19: Silnik spalinowy hybrid 155: maks. moment od 3000 do 4000 obr./min
232,jogger_expression_7seat_hybrid155_automatic_max_torque_rpm_range_20251217,jogger_expression_7seat_hybrid155_automatic,max_torque_rpm,,3000,4000,true,true,2025-12-17,src_pl_jogger_brochure_20251217,Official brochure page 19: Silnik spalinowy hybrid 155: maks. moment od 3000 do 4000 obr./min
233,jogger_extreme_7seat_hybrid155_automatic_max_torque_rpm_range_20251217,jogger_extreme_7seat_hybrid155_automatic,max_torque_rpm,,3000,4000,true,true,2025-12-17,src_pl_jogger_brochure_20251217,Official brochure page 19: Silnik spalinowy hybrid 155: maks. moment od 3000 do 4000 obr./min
234,jogger_journey_7seat_hybrid155_automatic_max_torque_rpm_range_20251217,jogger_journey_7seat_hybrid155_automatic,max_torque_rpm,,3000,4000,true,true,2025-12-17,src_pl_jogger_brochure_20251217,Official brochure page 19: Silnik spalinowy hybrid 155: maks. moment od 3000 do 4000 obr./min
235,duster_iii_essential_ecog120_4x2_manual_payload_20251020_range,duster_iii_essential_ecog120_4x2_manual,payload,,455,487,true,true,2025-10-20,src_pl_duster_mini_brochure_20251020,"Source page 20, section UKŁAD KIEROWNICZY / UKŁAD HAMULCOWY / KOŁA I OPONY / MASY: Maks./min. ładowność: 455/487 kg. Source order 455/487 is retained in provenance; numeric endpoints are stored as a closed interval without semantic reassignment."
236,duster_iii_expression_ecog120_4x2_manual_payload_20251020_range,duster_iii_expression_ecog120_4x2_manual,payload,,455,487,true,true,2025-10-20,src_pl_duster_mini_brochure_20251020,"Source page 20, section UKŁAD KIEROWNICZY / UKŁAD HAMULCOWY / KOŁA I OPONY / MASY: Maks./min. ładowność: 455/487 kg. Source order 455/487 is retained in provenance; numeric endpoints are stored as a closed interval without semantic reassignment."
237,duster_iii_extreme_ecog120_4x2_manual_payload_20251020_range,duster_iii_extreme_ecog120_4x2_manual,payload,,455,487,true,true,2025-10-20,src_pl_duster_mini_brochure_20251020,"Source page 20, section UKŁAD KIEROWNICZY / UKŁAD HAMULCOWY / KOŁA I OPONY / MASY: Maks./min. ładowność: 455/487 kg. Source order 455/487 is retained in provenance; numeric endpoints are stored as a closed interval without semantic reassignment."
238,duster_iii_journey_ecog120_4x2_manual_payload_20251020_range,duster_iii_journey_ecog120_4x2_manual,payload,,455,487,true,true,2025-10-20,src_pl_duster_mini_brochure_20251020,"Source page 20, section UKŁAD KIEROWNICZY / UKŁAD HAMULCOWY / KOŁA I OPONY / MASY: Maks./min. ładowność: 455/487 kg. Source order 455/487 is retained in provenance; numeric endpoints are stored as a closed interval without semantic reassignment."
239,duster_iii_expression_mildhybrid140_4x2_manual_payload_20251020_range,duster_iii_expression_mildhybrid140_4x2_manual,payload,,454,528,true,true,2025-10-20,src_pl_duster_mini_brochure_20251020,"Source page 20, section UKŁAD KIEROWNICZY / UKŁAD HAMULCOWY / KOŁA I OPONY / MASY: Maks./min. ładowność: 454/528 kg. Source order 454/528 is retained in provenance; numeric endpoints are stored as a closed interval without semantic reassignment."
240,duster_iii_extreme_mildhybrid140_4x2_manual_payload_20251020_range,duster_iii_extreme_mildhybrid140_4x2_manual,payload,,454,528,true,true,2025-10-20,src_pl_duster_mini_brochure_20251020,"Source page 20, section UKŁAD KIEROWNICZY / UKŁAD HAMULCOWY / KOŁA I OPONY / MASY: Maks./min. ładowność: 454/528 kg. Source order 454/528 is retained in provenance; numeric endpoints are stored as a closed interval without semantic reassignment."
241,duster_iii_journey_mildhybrid140_4x2_manual_payload_20251020_range,duster_iii_journey_mildhybrid140_4x2_manual,payload,,454,528,true,true,2025-10-20,src_pl_duster_mini_brochure_20251020,"Source page 20, section UKŁAD KIEROWNICZY / UKŁAD HAMULCOWY / KOŁA I OPONY / MASY: Maks./min. ładowność: 454/528 kg. Source order 454/528 is retained in provenance; numeric endpoints are stored as a closed interval without semantic reassignment."
242,duster_iii_expression_hybrid155_4x2_automatic_payload_20251020_range,duster_iii_expression_hybrid155_4x2_automatic,payload,,451,525,true,true,2025-10-20,src_pl_duster_mini_brochure_20251020,"Source page 21, section UKŁAD KIEROWNICZY / UKŁAD HAMULCOWY / KOŁA I OPONY / MASY: Maks./min. ładowność: 451/525 kg. Source order 451/525 is retained in provenance; numeric endpoints are stored as a closed interval without semantic reassignment."
243,duster_iii_extreme_hybrid155_4x2_automatic_payload_20251020_range,duster_iii_extreme_hybrid155_4x2_automatic,payload,,451,525,true,true,2025-10-20,src_pl_duster_mini_brochure_20251020,"Source page 21, section UKŁAD KIEROWNICZY / UKŁAD HAMULCOWY / KOŁA I OPONY / MASY: Maks./min. ładowność: 451/525 kg. Source order 451/525 is retained in provenance; numeric endpoints are stored as a closed interval without semantic reassignment."
244,duster_iii_journey_hybrid155_4x2_automatic_payload_20251020_range,duster_iii_journey_hybrid155_4x2_automatic,payload,,451,525,true,true,2025-10-20,src_pl_duster_mini_brochure_20251020,"Source page 21, section UKŁAD KIEROWNICZY / UKŁAD HAMULCOWY / KOŁA I OPONY / MASY: Maks./min. ładowność: 451/525 kg. Source order 451/525 is retained in provenance; numeric endpoints are stored as a closed interval without semantic reassignment."
245,bigster_essential_mildhybridg140_4x2_manual_co2_emissions_petrol_range_20251210,bigster_essential_mildhybridg140_4x2_manual,co2_emissions,petrol,130,132,true,true,2025-12-10,src_pl_bigster_brochure_20251210,"Source page 20, section ZUŻYCIE PALIWA I EMISJA CO2: mild_hybrid_g_140, petrol, Benzyna: 130/132 g/km. Inclusive range; upper endpoint 132 matches the current exact value."
246,bigster_essential_mildhybridg140_4x2_manual_co2_emissions_lpg_range_20251210,bigster_essential_mildhybridg140_4x2_manual,co2_emissions,lpg,114,116,true,true,2025-12-10,src_pl_bigster_brochure_20251210,"Source page 20, section ZUŻYCIE PALIWA I EMISJA CO2: mild_hybrid_g_140, lpg, LPG: 114/116 g/km. Inclusive range; upper endpoint 116 matches the current exact value."
247,bigster_essential_mildhybridg140_4x2_manual_fuel_consumption_combined_petrol_range_20251210,bigster_essential_mildhybridg140_4x2_manual,fuel_consumption_combined,petrol,5.7,5.8,true,true,2025-12-10,src_pl_bigster_brochure_20251210,"Source page 20, section ZUŻYCIE PALIWA I EMISJA CO2: mild_hybrid_g_140, petrol, Benzyna: 5,7/5,8 l/100 km. Inclusive range; upper endpoint 5.8 matches the current exact value."
248,bigster_essential_mildhybridg140_4x2_manual_fuel_consumption_combined_lpg_range_20251210,bigster_essential_mildhybridg140_4x2_manual,fuel_consumption_combined,lpg,7,7.1,true,true,2025-12-10,src_pl_bigster_brochure_20251210,"Source page 20, section ZUŻYCIE PALIWA I EMISJA CO2: mild_hybrid_g_140, lpg, LPG: 7,0/7,1 l/100 km. Inclusive range; upper endpoint 7.1 matches the current exact value."
249,bigster_expression_mildhybridg140_4x2_manual_co2_emissions_petrol_range_20251210,bigster_expression_mildhybridg140_4x2_manual,co2_emissions,petrol,130,132,true,true,2025-12-10,src_pl_bigster_brochure_20251210,"Source page 20, section ZUŻYCIE PALIWA I EMISJA CO2: mild_hybrid_g_140, petrol, Benzyna: 130/132 g/km. Inclusive range; upper endpoint 132 matches the current exact value."
250,bigster_expression_mildhybridg140_4x2_manual_co2_emissions_lpg_range_20251210,bigster_expression_mildhybridg140_4x2_manual,co2_emissions,lpg,114,116,true,true,2025-12-10,src_pl_bigster_brochure_20251210,"Source page 20, section ZUŻYCIE PALIWA I EMISJA CO2: mild_hybrid_g_140, lpg, LPG: 114/116 g/km. Inclusive range; upper endpoint 116 matches the current exact value."
251,bigster_expression_mildhybridg140_4x2_manual_fuel_consumption_combined_petrol_range_20251210,bigster_expression_mildhybridg140_4x2_manual,fuel_consumption_combined,petrol,5.7,5.8,true,true,2025-12-10,src_pl_bigster_brochure_20251210,"Source page 20, section ZUŻYCIE PALIWA I EMISJA CO2: mild_hybrid_g_140, petrol, Benzyna: 5,7/5,8 l/100 km. Inclusive range; upper endpoint 5.8 matches the current exact value."
252,bigster_expression_mildhybridg140_4x2_manual_fuel_consumption_combined_lpg_range_20251210,bigster_expression_mildhybridg140_4x2_manual,fuel_consumption_combined,lpg,7,7.1,true,true,2025-12-10,src_pl_bigster_brochure_20251210,"Source page 20, section ZUŻYCIE PALIWA I EMISJA CO2: mild_hybrid_g_140, lpg, LPG: 7,0/7,1 l/100 km. Inclusive range; upper endpoint 7.1 matches the current exact value."
253,bigster_extreme_mildhybridg140_4x2_manual_co2_emissions_petrol_range_20251210,bigster_extreme_mildhybridg140_4x2_manual,co2_emissions,petrol,130,132,true,true,2025-12-10,src_pl_bigster_brochure_20251210,"Source page 20, section ZUŻYCIE PALIWA I EMISJA CO2: mild_hybrid_g_140, petrol, Benzyna: 130/132 g/km. Inclusive range; upper endpoint 132 matches the current exact value."
254,bigster_extreme_mildhybridg140_4x2_manual_co2_emissions_lpg_range_20251210,bigster_extreme_mildhybridg140_4x2_manual,co2_emissions,lpg,114,116,true,true,2025-12-10,src_pl_bigster_brochure_20251210,"Source page 20, section ZUŻYCIE PALIWA I EMISJA CO2: mild_hybrid_g_140, lpg, LPG: 114/116 g/km. Inclusive range; upper endpoint 116 matches the current exact value."
255,bigster_extreme_mildhybridg140_4x2_manual_fuel_consumption_combined_petrol_range_20251210,bigster_extreme_mildhybridg140_4x2_manual,fuel_consumption_combined,petrol,5.7,5.8,true,true,2025-12-10,src_pl_bigster_brochure_20251210,"Source page 20, section ZUŻYCIE PALIWA I EMISJA CO2: mild_hybrid_g_140, petrol, Benzyna: 5,7/5,8 l/100 km. Inclusive range; upper endpoint 5.8 matches the current exact value."
256,bigster_extreme_mildhybridg140_4x2_manual_fuel_consumption_combined_lpg_range_20251210,bigster_extreme_mildhybridg140_4x2_manual,fuel_consumption_combined,lpg,7,7.1,true,true,2025-12-10,src_pl_bigster_brochure_20251210,"Source page 20, section ZUŻYCIE PALIWA I EMISJA CO2: mild_hybrid_g_140, lpg, LPG: 7,0/7,1 l/100 km. Inclusive range; upper endpoint 7.1 matches the current exact value."
257,bigster_journey_mildhybridg140_4x2_manual_co2_emissions_petrol_range_20251210,bigster_journey_mildhybridg140_4x2_manual,co2_emissions,petrol,130,132,true,true,2025-12-10,src_pl_bigster_brochure_20251210,"Source page 20, section ZUŻYCIE PALIWA I EMISJA CO2: mild_hybrid_g_140, petrol, Benzyna: 130/132 g/km. Inclusive range; upper endpoint 132 matches the current exact value."
258,bigster_journey_mildhybridg140_4x2_manual_co2_emissions_lpg_range_20251210,bigster_journey_mildhybridg140_4x2_manual,co2_emissions,lpg,114,116,true,true,2025-12-10,src_pl_bigster_brochure_20251210,"Source page 20, section ZUŻYCIE PALIWA I EMISJA CO2: mild_hybrid_g_140, lpg, LPG: 114/116 g/km. Inclusive range; upper endpoint 116 matches the current exact value."
259,bigster_journey_mildhybridg140_4x2_manual_fuel_consumption_combined_petrol_range_20251210,bigster_journey_mildhybridg140_4x2_manual,fuel_consumption_combined,petrol,5.7,5.8,true,true,2025-12-10,src_pl_bigster_brochure_20251210,"Source page 20, section ZUŻYCIE PALIWA I EMISJA CO2: mild_hybrid_g_140, petrol, Benzyna: 5,7/5,8 l/100 km. Inclusive range; upper endpoint 5.8 matches the current exact value."
260,bigster_journey_mildhybridg140_4x2_manual_fuel_consumption_combined_lpg_range_20251210,bigster_journey_mildhybridg140_4x2_manual,fuel_consumption_combined,lpg,7,7.1,true,true,2025-12-10,src_pl_bigster_brochure_20251210,"Source page 20, section ZUŻYCIE PALIWA I EMISJA CO2: mild_hybrid_g_140, lpg, LPG: 7,0/7,1 l/100 km. Inclusive range; upper endpoint 7.1 matches the current exact value."
261,bigster_essential_mildhybrid140_4x2_manual_co2_emissions_petrol_range_20251210,bigster_essential_mildhybrid140_4x2_manual,co2_emissions,petrol,122,124,true,true,2025-12-10,src_pl_bigster_brochure_20251210,"Source page 20, section ZUŻYCIE PALIWA I EMISJA CO2: mild_hybrid_140, petrol, 122/124 g/km. Inclusive range; upper endpoint 124 matches the current exact value."
262,bigster_essential_mildhybrid140_4x2_manual_fuel_consumption_combined_petrol_range_20251210,bigster_essential_mildhybrid140_4x2_manual,fuel_consumption_combined,petrol,5.4,5.5,true,true,2025-12-10,src_pl_bigster_brochure_20251210,"Source page 20, section ZUŻYCIE PALIWA I EMISJA CO2: mild_hybrid_140, petrol, 5,4/5,5 l/100 km. Inclusive range; upper endpoint 5.5 matches the current exact value."
263,bigster_expression_mildhybrid140_4x2_manual_co2_emissions_petrol_range_20251210,bigster_expression_mildhybrid140_4x2_manual,co2_emissions,petrol,122,124,true,true,2025-12-10,src_pl_bigster_brochure_20251210,"Source page 20, section ZUŻYCIE PALIWA I EMISJA CO2: mild_hybrid_140, petrol, 122/124 g/km. Inclusive range; upper endpoint 124 matches the current exact value."
264,bigster_expression_mildhybrid140_4x2_manual_fuel_consumption_combined_petrol_range_20251210,bigster_expression_mildhybrid140_4x2_manual,fuel_consumption_combined,petrol,5.4,5.5,true,true,2025-12-10,src_pl_bigster_brochure_20251210,"Source page 20, section ZUŻYCIE PALIWA I EMISJA CO2: mild_hybrid_140, petrol, 5,4/5,5 l/100 km. Inclusive range; upper endpoint 5.5 matches the current exact value."
265,bigster_extreme_mildhybrid140_4x2_manual_co2_emissions_petrol_range_20251210,bigster_extreme_mildhybrid140_4x2_manual,co2_emissions,petrol,122,124,true,true,2025-12-10,src_pl_bigster_brochure_20251210,"Source page 20, section ZUŻYCIE PALIWA I EMISJA CO2: mild_hybrid_140, petrol, 122/124 g/km. Inclusive range; upper endpoint 124 matches the current exact value."
266,bigster_extreme_mildhybrid140_4x2_manual_fuel_consumption_combined_petrol_range_20251210,bigster_extreme_mildhybrid140_4x2_manual,fuel_consumption_combined,petrol,5.4,5.5,true,true,2025-12-10,src_pl_bigster_brochure_20251210,"Source page 20, section ZUŻYCIE PALIWA I EMISJA CO2: mild_hybrid_140, petrol, 5,4/5,5 l/100 km. Inclusive range; upper endpoint 5.5 matches the current exact value."
267,bigster_journey_mildhybrid140_4x2_manual_co2_emissions_petrol_range_20251210,bigster_journey_mildhybrid140_4x2_manual,co2_emissions,petrol,122,124,true,true,2025-12-10,src_pl_bigster_brochure_20251210,"Source page 20, section ZUŻYCIE PALIWA I EMISJA CO2: mild_hybrid_140, petrol, 122/124 g/km. Inclusive range; upper endpoint 124 matches the current exact value."
268,bigster_journey_mildhybrid140_4x2_manual_fuel_consumption_combined_petrol_range_20251210,bigster_journey_mildhybrid140_4x2_manual,fuel_consumption_combined,petrol,5.4,5.5,true,true,2025-12-10,src_pl_bigster_brochure_20251210,"Source page 20, section ZUŻYCIE PALIWA I EMISJA CO2: mild_hybrid_140, petrol, 5,4/5,5 l/100 km. Inclusive range; upper endpoint 5.5 matches the current exact value."
269,bigster_expression_hybrid155_4x2_automatic_co2_emissions_petrol_range_20251210,bigster_expression_hybrid155_4x2_automatic,co2_emissions,petrol,104,106,true,true,2025-12-10,src_pl_bigster_brochure_20251210,"Source page 20, section ZUŻYCIE PALIWA I EMISJA CO2: hybrid_155, petrol, 104/106 g/km. Inclusive range; upper endpoint 106 matches the current exact value."
270,bigster_expression_hybrid155_4x2_automatic_fuel_consumption_combined_petrol_range_20251210,bigster_expression_hybrid155_4x2_automatic,fuel_consumption_combined,petrol,4.6,4.7,true,true,2025-12-10,src_pl_bigster_brochure_20251210,"Source page 20, section ZUŻYCIE PALIWA I EMISJA CO2: hybrid_155, petrol, 4,6/4,7 l/100 km. Inclusive range; upper endpoint 4.7 matches the current exact value."
271,bigster_extreme_hybrid155_4x2_automatic_co2_emissions_petrol_range_20251210,bigster_extreme_hybrid155_4x2_automatic,co2_emissions,petrol,104,106,true,true,2025-12-10,src_pl_bigster_brochure_20251210,"Source page 20, section ZUŻYCIE PALIWA I EMISJA CO2: hybrid_155, petrol, 104/106 g/km. Inclusive range; upper endpoint 106 matches the current exact value."
272,bigster_extreme_hybrid155_4x2_automatic_fuel_consumption_combined_petrol_range_20251210,bigster_extreme_hybrid155_4x2_automatic,fuel_consumption_combined,petrol,4.6,4.7,true,true,2025-12-10,src_pl_bigster_brochure_20251210,"Source page 20, section ZUŻYCIE PALIWA I EMISJA CO2: hybrid_155, petrol, 4,6/4,7 l/100 km. Inclusive range; upper endpoint 4.7 matches the current exact value."
273,bigster_journey_hybrid155_4x2_automatic_co2_emissions_petrol_range_20251210,bigster_journey_hybrid155_4x2_automatic,co2_emissions,petrol,104,106,true,true,2025-12-10,src_pl_bigster_brochure_20251210,"Source page 20, section ZUŻYCIE PALIWA I EMISJA CO2: hybrid_155, petrol, 104/106 g/km. Inclusive range; upper endpoint 106 matches the current exact value."
274,bigster_journey_hybrid155_4x2_automatic_fuel_consumption_combined_petrol_range_20251210,bigster_journey_hybrid155_4x2_automatic,fuel_consumption_combined,petrol,4.6,4.7,true,true,2025-12-10,src_pl_bigster_brochure_20251210,"Source page 20, section ZUŻYCIE PALIWA I EMISJA CO2: hybrid_155, petrol, 4,6/4,7 l/100 km. Inclusive range; upper endpoint 4.7 matches the current exact value."
275,bigster_essential_mildhybridg140_4x2_manual_maximum_payload_range_20251210,bigster_essential_mildhybridg140_4x2_manual,maximum_payload,,452,521,true,true,2025-12-10,src_pl_bigster_brochure_20251210,"Source page 20, section MASY: 452/521. Inclusive source-specific interval retained without resolving conflicts by date."
276,bigster_expression_mildhybridg140_4x2_manual_maximum_payload_range_20251210,bigster_expression_mildhybridg140_4x2_manual,maximum_payload,,452,521,true,true,2025-12-10,src_pl_bigster_brochure_20251210,"Source page 20, section MASY: 452/521. Inclusive source-specific interval retained without resolving conflicts by date."
277,bigster_extreme_mildhybridg140_4x2_manual_maximum_payload_range_20251210,bigster_extreme_mildhybridg140_4x2_manual,maximum_payload,,452,521,true,true,2025-12-10,src_pl_bigster_brochure_20251210,"Source page 20, section MASY: 452/521. Inclusive source-specific interval retained without resolving conflicts by date."
278,bigster_journey_mildhybridg140_4x2_manual_maximum_payload_range_20251210,bigster_journey_mildhybridg140_4x2_manual,maximum_payload,,452,521,true,true,2025-12-10,src_pl_bigster_brochure_20251210,"Source page 20, section MASY: 452/521. Inclusive source-specific interval retained without resolving conflicts by date."
