"9000","bigster_expression_mildhybridg140_4x2_automatic_acceleration_0_100_20261001","bigster_expression_mildhybridg140_4x2_automatic","acceleration_0_100","","","10.0","2026-10-01","src_pl_bigster_price_my26_20261001","Source page 6, section OSIĄGI: 10,0"
"9001","bigster_extreme_mildhybridg140_4x2_automatic_acceleration_0_100_20261001","bigster_extreme_mildhybridg140_4x2_automatic","acceleration_0_100","","","10.0","2026-10-01","src_pl_bigster_price_my26_20261001","Source page 6, section OSIĄGI: 10,0"
"9002","bigster_journey_mildhybridg140_4x2_automatic_acceleration_0_100_20261001","bigster_journey_mildhybridg140_4x2_automatic","acceleration_0_100","","","10.0","2026-10-01","src_pl_bigster_price_my26_20261001","Source page 6, section OSIĄGI: 10,0"
"9003","bigster_expression_tribrid150_4x4_automatic_acceleration_0_100_20261001","bigster_expression_tribrid150_4x4_automatic","acceleration_0_100","","","10.4","2026-10-01","src_pl_bigster_price_my26_20261001","Source page 6, section OSIĄGI: 10,4"
"9004","bigster_extreme_tribrid150_4x4_automatic_acceleration_0_100_20261001","bigster_extreme_tribrid150_4x4_automatic","acceleration_0_100","","","10.4","2026-10-01","src_pl_bigster_price_my26_20261001","Source page 6, section OSIĄGI: 10,4"
"9005","bigster_journey_tribrid150_4x4_automatic_acceleration_0_100_20261001","bigster_journey_tribrid150_4x4_automatic","acceleration_0_100","","","10.4","2026-10-01","src_pl_bigster_price_my26_20261001","Source page 6, section OSIĄGI: 10,4"
"9006","bigster_expression_mildhybridg140_4x2_automatic_braked_trailer_weight_20261001","bigster_expression_mildhybridg140_4x2_automatic","braked_trailer_weight","","","1500","2026-10-01","src_pl_bigster_price_my26_20261001","Source page 6, section MASY (kg): 1500"
"9007","bigster_extreme_mildhybridg140_4x2_automatic_braked_trailer_weight_20261001","bigster_extreme_mildhybridg140_4x2_automatic","braked_trailer_weight","","","1500","2026-10-01","src_pl_bigster_price_my26_20261001","Source page 6, section MASY (kg): 1500"
"9008","bigster_journey_mildhybridg140_4x2_automatic_braked_trailer_weight_20261001","bigster_journey_mildhybridg140_4x2_automatic","braked_trailer_weight","","","1500","2026-10-01","src_pl_bigster_price_my26_20261001","Source page 6, section MASY (kg): 1500"
"9009","bigster_expression_tribrid150_4x4_automatic_braked_trailer_weight_20261001","bigster_expression_tribrid150_4x4_automatic","braked_trailer_weight","","","1500","2026-10-01","src_pl_bigster_price_my26_20261001","Source page 6, section MASY (kg): 1500"
"9010","bigster_extreme_tribrid150_4x4_automatic_braked_trailer_weight_20261001","bigster_extreme_tribrid150_4x4_automatic","braked_trailer_weight","","","1500","2026-10-01","src_pl_bigster_price_my26_20261001","Source page 6, section MASY (kg): 1500"
"9011","bigster_journey_tribrid150_4x4_automatic_braked_trailer_weight_20261001","bigster_journey_tribrid150_4x4_automatic","braked_trailer_weight","","","1500","2026-10-01","src_pl_bigster_price_my26_20261001","Source page 6, section MASY (kg): 1500"
"9012","bigster_expression_mildhybridg140_4x2_automatic_cargo_volume_without_spare_wheel_iso3832_20261001","bigster_expression_mildhybridg140_4x2_automatic","cargo_volume_without_spare_wheel_iso3832","","","609","2026-10-01","src_pl_bigster_price_my26_20261001","Source page 6, section ZUŻYCIE PALIWA I EMISJA CO2: 609"
"9013","bigster_extreme_mildhybridg140_4x2_automatic_cargo_volume_without_spare_wheel_iso3832_20261001","bigster_extreme_mildhybridg140_4x2_automatic","cargo_volume_without_spare_wheel_iso3832","","","609","2026-10-01","src_pl_bigster_price_my26_20261001","Source page 6, section ZUŻYCIE PALIWA I EMISJA CO2: 609"
"9014","bigster_journey_mildhybridg140_4x2_automatic_cargo_volume_without_spare_wheel_iso3832_20261001","bigster_journey_mildhybridg140_4x2_automatic","cargo_volume_without_spare_wheel_iso3832","","","609","2026-10-01","src_pl_bigster_price_my26_20261001","Source page 6, section ZUŻYCIE PALIWA I EMISJA CO2: 609"
"9015","bigster_expression_tribrid150_4x4_automatic_cargo_volume_without_spare_wheel_iso3832_20261001","bigster_expression_tribrid150_4x4_automatic","cargo_volume_without_spare_wheel_iso3832","","","444","2026-10-01","src_pl_bigster_price_my26_20261001","Source page 6, section ZUŻYCIE PALIWA I EMISJA CO2: 444"
"9016","bigster_extreme_tribrid150_4x4_automatic_cargo_volume_without_spare_wheel_iso3832_20261001","bigster_extreme_tribrid150_4x4_automatic","cargo_volume_without_spare_wheel_iso3832","","","444","2026-10-01","src_pl_bigster_price_my26_20261001","Source page 6, section ZUŻYCIE PALIWA I EMISJA CO2: 444"
"9017","bigster_journey_tribrid150_4x4_automatic_cargo_volume_without_spare_wheel_iso3832_20261001","bigster_journey_tribrid150_4x4_automatic","cargo_volume_without_spare_wheel_iso3832","","","444","2026-10-01","src_pl_bigster_price_my26_20261001","Source page 6, section ZUŻYCIE PALIWA I EMISJA CO2: 444"
"9018","bigster_expression_mildhybridg140_4x2_automatic_co2_emissions_petrol_20261001","bigster_expression_mildhybridg140_4x2_automatic","co2_emissions","petrol","","132","2026-10-01","src_pl_bigster_price_my26_20261001","Source page 6, section ZUŻYCIE PALIWA I EMISJA CO2: 132 / 116 (LPG)"
"9019","bigster_expression_mildhybridg140_4x2_automatic_co2_emissions_lpg_20261001","bigster_expression_mildhybridg140_4x2_automatic","co2_emissions","lpg","","116","2026-10-01","src_pl_bigster_price_my26_20261001","Source page 6, section ZUŻYCIE PALIWA I EMISJA CO2: 132 / 116 (LPG)"
"9020","bigster_extreme_mildhybridg140_4x2_automatic_co2_emissions_petrol_20261001","bigster_extreme_mildhybridg140_4x2_automatic","co2_emissions","petrol","","132","2026-10-01","src_pl_bigster_price_my26_20261001","Source page 6, section ZUŻYCIE PALIWA I EMISJA CO2: 132 / 116 (LPG)"
"9021","bigster_extreme_mildhybridg140_4x2_automatic_co2_emissions_lpg_20261001","bigster_extreme_mildhybridg140_4x2_automatic","co2_emissions","lpg","","116","2026-10-01","src_pl_bigster_price_my26_20261001","Source page 6, section ZUŻYCIE PALIWA I EMISJA CO2: 132 / 116 (LPG)"
"9022","bigster_journey_mildhybridg140_4x2_automatic_co2_emissions_petrol_20261001","bigster_journey_mildhybridg140_4x2_automatic","co2_emissions","petrol","","132","2026-10-01","src_pl_bigster_price_my26_20261001","Source page 6, section ZUŻYCIE PALIWA I EMISJA CO2: 132 / 116 (LPG)"
"9023","bigster_journey_mildhybridg140_4x2_automatic_co2_emissions_lpg_20261001","bigster_journey_mildhybridg140_4x2_automatic","co2_emissions","lpg","","116","2026-10-01","src_pl_bigster_price_my26_20261001","Source page 6, section ZUŻYCIE PALIWA I EMISJA CO2: 132 / 116 (LPG)"
"9024","bigster_expression_tribrid150_4x4_automatic_co2_emissions_petrol_20261001","bigster_expression_tribrid150_4x4_automatic","co2_emissions","petrol","","134","2026-10-01","src_pl_bigster_price_my26_20261001","Source page 6, section ZUŻYCIE PALIWA I EMISJA CO2: 134 / 117 (LPG)"
"9025","bigster_expression_tribrid150_4x4_automatic_co2_emissions_lpg_20261001","bigster_expression_tribrid150_4x4_automatic","co2_emissions","lpg","","117","2026-10-01","src_pl_bigster_price_my26_20261001","Source page 6, section ZUŻYCIE PALIWA I EMISJA CO2: 134 / 117 (LPG)"
"9026","bigster_extreme_tribrid150_4x4_automatic_co2_emissions_petrol_20261001","bigster_extreme_tribrid150_4x4_automatic","co2_emissions","petrol","","134","2026-10-01","src_pl_bigster_price_my26_20261001","Source page 6, section ZUŻYCIE PALIWA I EMISJA CO2: 134 / 117 (LPG)"
"9027","bigster_extreme_tribrid150_4x4_automatic_co2_emissions_lpg_20261001","bigster_extreme_tribrid150_4x4_automatic","co2_emissions","lpg","","117","2026-10-01","src_pl_bigster_price_my26_20261001","Source page 6, section ZUŻYCIE PALIWA I EMISJA CO2: 134 / 117 (LPG)"
"9028","bigster_journey_tribrid150_4x4_automatic_co2_emissions_petrol_20261001","bigster_journey_tribrid150_4x4_automatic","co2_emissions","petrol","","134","2026-10-01","src_pl_bigster_price_my26_20261001","Source page 6, section ZUŻYCIE PALIWA I EMISJA CO2: 134 / 117 (LPG)"
"9029","bigster_journey_tribrid150_4x4_automatic_co2_emissions_lpg_20261001","bigster_journey_tribrid150_4x4_automatic","co2_emissions","lpg","","117","2026-10-01","src_pl_bigster_price_my26_20261001","Source page 6, section ZUŻYCIE PALIWA I EMISJA CO2: 134 / 117 (LPG)"
"9030","bigster_expression_mildhybridg140_4x2_automatic_cylinder_count_20261001","bigster_expression_mildhybridg140_4x2_automatic","cylinder_count","","","3","2026-10-01","src_pl_bigster_price_my26_20261001","Source page 6, section SILNIKI: 3 / 12"
"9031","bigster_extreme_mildhybridg140_4x2_automatic_cylinder_count_20261001","bigster_extreme_mildhybridg140_4x2_automatic","cylinder_count","","","3","2026-10-01","src_pl_bigster_price_my26_20261001","Source page 6, section SILNIKI: 3 / 12"
"9032","bigster_journey_mildhybridg140_4x2_automatic_cylinder_count_20261001","bigster_journey_mildhybridg140_4x2_automatic","cylinder_count","","","3","2026-10-01","src_pl_bigster_price_my26_20261001","Source page 6, section SILNIKI: 3 / 12"
"9033","bigster_expression_tribrid150_4x4_automatic_cylinder_count_20261001","bigster_expression_tribrid150_4x4_automatic","cylinder_count","","","3","2026-10-01","src_pl_bigster_price_my26_20261001","Source page 6, section SILNIKI: 3 / 12"
"9034","bigster_extreme_tribrid150_4x4_automatic_cylinder_count_20261001","bigster_extreme_tribrid150_4x4_automatic","cylinder_count","","","3","2026-10-01","src_pl_bigster_price_my26_20261001","Source page 6, section SILNIKI: 3 / 12"
"9035","bigster_journey_tribrid150_4x4_automatic_cylinder_count_20261001","bigster_journey_tribrid150_4x4_automatic","cylinder_count","","","3","2026-10-01","src_pl_bigster_price_my26_20261001","Source page 6, section SILNIKI: 3 / 12"
"9036","bigster_expression_mildhybridg140_4x2_automatic_drive_type_20261001","bigster_expression_mildhybridg140_4x2_automatic","drive_type","","","fwd","2026-10-01","src_pl_bigster_price_my26_20261001","Source page 6, section SILNIKI: 4X2"
"9037","bigster_extreme_mildhybridg140_4x2_automatic_drive_type_20261001","bigster_extreme_mildhybridg140_4x2_automatic","drive_type","","","fwd","2026-10-01","src_pl_bigster_price_my26_20261001","Source page 6, section SILNIKI: 4X2"
"9038","bigster_journey_mildhybridg140_4x2_automatic_drive_type_20261001","bigster_journey_mildhybridg140_4x2_automatic","drive_type","","","fwd","2026-10-01","src_pl_bigster_price_my26_20261001","Source page 6, section SILNIKI: 4X2"
"9039","bigster_expression_tribrid150_4x4_automatic_drive_type_20261001","bigster_expression_tribrid150_4x4_automatic","drive_type","","","4x4","2026-10-01","src_pl_bigster_price_my26_20261001","Source page 6, section SILNIKI: 4X4"
"9040","bigster_extreme_tribrid150_4x4_automatic_drive_type_20261001","bigster_extreme_tribrid150_4x4_automatic","drive_type","","","4x4","2026-10-01","src_pl_bigster_price_my26_20261001","Source page 6, section SILNIKI: 4X4"
"9041","bigster_journey_tribrid150_4x4_automatic_drive_type_20261001","bigster_journey_tribrid150_4x4_automatic","drive_type","","","4x4","2026-10-01","src_pl_bigster_price_my26_20261001","Source page 6, section SILNIKI: 4X4"
"9042","bigster_expression_mildhybridg140_4x2_automatic_emission_standard_20261001","bigster_expression_mildhybridg140_4x2_automatic","emission_standard","","","euro_6","2026-10-01","src_pl_bigster_price_my26_20261001","Source page 6, section SILNIKI: Euro 6"
"9043","bigster_extreme_mildhybridg140_4x2_automatic_emission_standard_20261001","bigster_extreme_mildhybridg140_4x2_automatic","emission_standard","","","euro_6","2026-10-01","src_pl_bigster_price_my26_20261001","Source page 6, section SILNIKI: Euro 6"
"9044","bigster_journey_mildhybridg140_4x2_automatic_emission_standard_20261001","bigster_journey_mildhybridg140_4x2_automatic","emission_standard","","","euro_6","2026-10-01","src_pl_bigster_price_my26_20261001","Source page 6, section SILNIKI: Euro 6"
"9045","bigster_expression_tribrid150_4x4_automatic_emission_standard_20261001","bigster_expression_tribrid150_4x4_automatic","emission_standard","","","euro_6","2026-10-01","src_pl_bigster_price_my26_20261001","Source page 6, section SILNIKI: Euro 6"
"9046","bigster_extreme_tribrid150_4x4_automatic_emission_standard_20261001","bigster_extreme_tribrid150_4x4_automatic","emission_standard","","","euro_6","2026-10-01","src_pl_bigster_price_my26_20261001","Source page 6, section SILNIKI: Euro 6"
"9047","bigster_journey_tribrid150_4x4_automatic_emission_standard_20261001","bigster_journey_tribrid150_4x4_automatic","emission_standard","","","euro_6","2026-10-01","src_pl_bigster_price_my26_20261001","Source page 6, section SILNIKI: Euro 6"
"9048","bigster_expression_mildhybridg140_4x2_automatic_engine_displacement_20261001","bigster_expression_mildhybridg140_4x2_automatic","engine_displacement","","","1199","2026-10-01","src_pl_bigster_price_my26_20261001","Source page 6, section SILNIKI: 1 199"
"9049","bigster_extreme_mildhybridg140_4x2_automatic_engine_displacement_20261001","bigster_extreme_mildhybridg140_4x2_automatic","engine_displacement","","","1199","2026-10-01","src_pl_bigster_price_my26_20261001","Source page 6, section SILNIKI: 1 199"
"9050","bigster_journey_mildhybridg140_4x2_automatic_engine_displacement_20261001","bigster_journey_mildhybridg140_4x2_automatic","engine_displacement","","","1199","2026-10-01","src_pl_bigster_price_my26_20261001","Source page 6, section SILNIKI: 1 199"
"9051","bigster_expression_tribrid150_4x4_automatic_engine_displacement_20261001","bigster_expression_tribrid150_4x4_automatic","engine_displacement","","","1199","2026-10-01","src_pl_bigster_price_my26_20261001","Source page 6, section SILNIKI: 1 199"
"9052","bigster_extreme_tribrid150_4x4_automatic_engine_displacement_20261001","bigster_extreme_tribrid150_4x4_automatic","engine_displacement","","","1199","2026-10-01","src_pl_bigster_price_my26_20261001","Source page 6, section SILNIKI: 1 199"
"9053","bigster_journey_tribrid150_4x4_automatic_engine_displacement_20261001","bigster_journey_tribrid150_4x4_automatic","engine_displacement","","","1199","2026-10-01","src_pl_bigster_price_my26_20261001","Source page 6, section SILNIKI: 1 199"
"9054","bigster_expression_mildhybridg140_4x2_automatic_engine_power_20261001","bigster_expression_mildhybridg140_4x2_automatic","engine_power","","","103","2026-10-01","src_pl_bigster_price_my26_20261001","Source page 6, section SILNIKI: 103 (140)"
"9055","bigster_extreme_mildhybridg140_4x2_automatic_engine_power_20261001","bigster_extreme_mildhybridg140_4x2_automatic","engine_power","","","103","2026-10-01","src_pl_bigster_price_my26_20261001","Source page 6, section SILNIKI: 103 (140)"
"9056","bigster_journey_mildhybridg140_4x2_automatic_engine_power_20261001","bigster_journey_mildhybridg140_4x2_automatic","engine_power","","","103","2026-10-01","src_pl_bigster_price_my26_20261001","Source page 6, section SILNIKI: 103 (140)"
"9057","bigster_expression_tribrid150_4x4_automatic_engine_power_20261001","bigster_expression_tribrid150_4x4_automatic","engine_power","","","103","2026-10-01","src_pl_bigster_price_my26_20261001","Source page 6, section SILNIKI: 103 (140)"
"9058","bigster_extreme_tribrid150_4x4_automatic_engine_power_20261001","bigster_extreme_tribrid150_4x4_automatic","engine_power","","","103","2026-10-01","src_pl_bigster_price_my26_20261001","Source page 6, section SILNIKI: 103 (140)"
"9059","bigster_journey_tribrid150_4x4_automatic_engine_power_20261001","bigster_journey_tribrid150_4x4_automatic","engine_power","","","103","2026-10-01","src_pl_bigster_price_my26_20261001","Source page 6, section SILNIKI: 103 (140)"
"9060","bigster_expression_mildhybridg140_4x2_automatic_engine_torque_20261001","bigster_expression_mildhybridg140_4x2_automatic","engine_torque","","","230","2026-10-01","src_pl_bigster_price_my26_20261001","Source page 6, section SILNIKI: 230"
"9061","bigster_extreme_mildhybridg140_4x2_automatic_engine_torque_20261001","bigster_extreme_mildhybridg140_4x2_automatic","engine_torque","","","230","2026-10-01","src_pl_bigster_price_my26_20261001","Source page 6, section SILNIKI: 230"
"9062","bigster_journey_mildhybridg140_4x2_automatic_engine_torque_20261001","bigster_journey_mildhybridg140_4x2_automatic","engine_torque","","","230","2026-10-01","src_pl_bigster_price_my26_20261001","Source page 6, section SILNIKI: 230"
"9063","bigster_expression_tribrid150_4x4_automatic_engine_torque_20261001","bigster_expression_tribrid150_4x4_automatic","engine_torque","","","230","2026-10-01","src_pl_bigster_price_my26_20261001","Source page 6, section SILNIKI: 230"
"9064","bigster_extreme_tribrid150_4x4_automatic_engine_torque_20261001","bigster_extreme_tribrid150_4x4_automatic","engine_torque","","","230","2026-10-01","src_pl_bigster_price_my26_20261001","Source page 6, section SILNIKI: 230"
"9065","bigster_journey_tribrid150_4x4_automatic_engine_torque_20261001","bigster_journey_tribrid150_4x4_automatic","engine_torque","","","230","2026-10-01","src_pl_bigster_price_my26_20261001","Source page 6, section SILNIKI: 230"
"9060","bigster_expression_mildhybridg140_4x2_automatic_engine_torque_20261001","bigster_expression_mildhybridg140_4x2_automatic","engine_torque","","","230","2026-10-01","src_pl_bigster_price_my26_20261001","Source page 6, section SILNIKI: 230"
"9061","bigster_extreme_mildhybridg140_4x2_automatic_engine_torque_20261001","bigster_extreme_mildhybridg140_4x2_automatic","engine_torque","","","230","2026-10-01","src_pl_bigster_price_my26_20261001","Source page 6, section SILNIKI: 230"
"9062","bigster_journey_mildhybridg140_4x2_automatic_engine_torque_20261001","bigster_journey_mildhybridg140_4x2_automatic","engine_torque","","","230","2026-10-01","src_pl_bigster_price_my26_20261001","Source page 6, section SILNIKI: 230"
"9063","bigster_expression_tribrid150_4x4_automatic_engine_torque_20261001","bigster_expression_tribrid150_4x4_automatic","engine_torque","","","230","2026-10-01","src_pl_bigster_price_my26_20261001","Source page 6, section SILNIKI: 230"
"9064","bigster_extreme_tribrid150_4x4_automatic_engine_torque_20261001","bigster_extreme_tribrid150_4x4_automatic","engine_torque","","","230","2026-10-01","src_pl_bigster_price_my26_20261001","Source page 6, section SILNIKI: 230"
"9065","bigster_journey_tribrid150_4x4_automatic_engine_torque_20261001","bigster_journey_tribrid150_4x4_automatic","engine_torque","","","230","2026-10-01","src_pl_bigster_price_my26_20261001","Source page 6, section SILNIKI: 230"
"9066","bigster_expression_mildhybridg140_4x2_automatic_engine_type_20261001","bigster_expression_mildhybridg140_4x2_automatic","engine_type","","","mhev","2026-10-01","src_pl_bigster_price_my26_20261001","Source page 6, section SILNIKI: 48V mild-hybrid"
"9067","bigster_extreme_mildhybridg140_4x2_automatic_engine_type_20261001","bigster_extreme_mildhybridg140_4x2_automatic","engine_type","","","mhev","2026-10-01","src_pl_bigster_price_my26_20261001","Source page 6, section SILNIKI: 48V mild-hybrid"
"9068","bigster_journey_mildhybridg140_4x2_automatic_engine_type_20261001","bigster_journey_mildhybridg140_4x2_automatic","engine_type","","","mhev","2026-10-01","src_pl_bigster_price_my26_20261001","Source page 6, section SILNIKI: 48V mild-hybrid"
"9069","bigster_expression_tribrid150_4x4_automatic_engine_type_20261001","bigster_expression_tribrid150_4x4_automatic","engine_type","","","mhev","2026-10-01","src_pl_bigster_price_my26_20261001","Source page 6, section SILNIKI: 48V mild-hybrid"
"9070","bigster_extreme_tribrid150_4x4_automatic_engine_type_20261001","bigster_extreme_tribrid150_4x4_automatic","engine_type","","","mhev","2026-10-01","src_pl_bigster_price_my26_20261001","Source page 6, section SILNIKI: 48V mild-hybrid"
"9071","bigster_journey_tribrid150_4x4_automatic_engine_type_20261001","bigster_journey_tribrid150_4x4_automatic","engine_type","","","mhev","2026-10-01","src_pl_bigster_price_my26_20261001","Source page 6, section SILNIKI: 48V mild-hybrid"
"9072","bigster_expression_mildhybridg140_4x2_automatic_fuel_consumption_combined_petrol_20261001","bigster_expression_mildhybridg140_4x2_automatic","fuel_consumption_combined","petrol","","5.9","2026-10-01","src_pl_bigster_price_my26_20261001","Source page 6, section ZUŻYCIE PALIWA I EMISJA CO2: 5,9 / 7,3 (LPG)"
"9073","bigster_expression_mildhybridg140_4x2_automatic_fuel_consumption_combined_lpg_20261001","bigster_expression_mildhybridg140_4x2_automatic","fuel_consumption_combined","lpg","","7.3","2026-10-01","src_pl_bigster_price_my26_20261001","Source page 6, section ZUŻYCIE PALIWA I EMISJA CO2: 5,9 / 7,3 (LPG)"
"9074","bigster_extreme_mildhybridg140_4x2_automatic_fuel_consumption_combined_petrol_20261001","bigster_extreme_mildhybridg140_4x2_automatic","fuel_consumption_combined","petrol","","5.9","2026-10-01","src_pl_bigster_price_my26_20261001","Source page 6, section ZUŻYCIE PALIWA I EMISJA CO2: 5,9 / 7,3 (LPG)"
"9075","bigster_extreme_mildhybridg140_4x2_automatic_fuel_consumption_combined_lpg_20261001","bigster_extreme_mildhybridg140_4x2_automatic","fuel_consumption_combined","lpg","","7.3","2026-10-01","src_pl_bigster_price_my26_20261001","Source page 6, section ZUŻYCIE PALIWA I EMISJA CO2: 5,9 / 7,3 (LPG)"
"9076","bigster_journey_mildhybridg140_4x2_automatic_fuel_consumption_combined_petrol_20261001","bigster_journey_mildhybridg140_4x2_automatic","fuel_consumption_combined","petrol","","5.9","2026-10-01","src_pl_bigster_price_my26_20261001","Source page 6, section ZUŻYCIE PALIWA I EMISJA CO2: 5,9 / 7,3 (LPG)"
"9077","bigster_journey_mildhybridg140_4x2_automatic_fuel_consumption_combined_lpg_20261001","bigster_journey_mildhybridg140_4x2_automatic","fuel_consumption_combined","lpg","","7.3","2026-10-01","src_pl_bigster_price_my26_20261001","Source page 6, section ZUŻYCIE PALIWA I EMISJA CO2: 5,9 / 7,3 (LPG)"
"9078","bigster_expression_tribrid150_4x4_automatic_fuel_consumption_combined_petrol_20261001","bigster_expression_tribrid150_4x4_automatic","fuel_consumption_combined","petrol","","5.9","2026-10-01","src_pl_bigster_price_my26_20261001","Source page 6, section ZUŻYCIE PALIWA I EMISJA CO2: 5,9 / 7,2 (LPG)"
"9079","bigster_expression_tribrid150_4x4_automatic_fuel_consumption_combined_lpg_20261001","bigster_expression_tribrid150_4x4_automatic","fuel_consumption_combined","lpg","","7.2","2026-10-01","src_pl_bigster_price_my26_20261001","Source page 6, section ZUŻYCIE PALIWA I EMISJA CO2: 5,9 / 7,2 (LPG)"
"9080","bigster_extreme_tribrid150_4x4_automatic_fuel_consumption_combined_petrol_20261001","bigster_extreme_tribrid150_4x4_automatic","fuel_consumption_combined","petrol","","5.9","2026-10-01","src_pl_bigster_price_my26_20261001","Source page 6, section ZUŻYCIE PALIWA I EMISJA CO2: 5,9 / 7,2 (LPG)"
"9081","bigster_extreme_tribrid150_4x4_automatic_fuel_consumption_combined_lpg_20261001","bigster_extreme_tribrid150_4x4_automatic","fuel_consumption_combined","lpg","","7.2","2026-10-01","src_pl_bigster_price_my26_20261001","Source page 6, section ZUŻYCIE PALIWA I EMISJA CO2: 5,9 / 7,2 (LPG)"
"9082","bigster_journey_tribrid150_4x4_automatic_fuel_consumption_combined_petrol_20261001","bigster_journey_tribrid150_4x4_automatic","fuel_consumption_combined","petrol","","5.9","2026-10-01","src_pl_bigster_price_my26_20261001","Source page 6, section ZUŻYCIE PALIWA I EMISJA CO2: 5,9 / 7,2 (LPG)"
"9083","bigster_journey_tribrid150_4x4_automatic_fuel_consumption_combined_lpg_20261001","bigster_journey_tribrid150_4x4_automatic","fuel_consumption_combined","lpg","","7.2","2026-10-01","src_pl_bigster_price_my26_20261001","Source page 6, section ZUŻYCIE PALIWA I EMISJA CO2: 5,9 / 7,2 (LPG)"
"9084","bigster_expression_mildhybridg140_4x2_automatic_fuel_tank_capacity_petrol_20261001","bigster_expression_mildhybridg140_4x2_automatic","fuel_tank_capacity","petrol","","50","2026-10-01","src_pl_bigster_price_my26_20261001","Source page 6, section ZUŻYCIE PALIWA I EMISJA CO2: 50 / 50 (LPG)"
"9085","bigster_expression_mildhybridg140_4x2_automatic_fuel_tank_capacity_lpg_20261001","bigster_expression_mildhybridg140_4x2_automatic","fuel_tank_capacity","lpg","","50","2026-10-01","src_pl_bigster_price_my26_20261001","Source page 6, section ZUŻYCIE PALIWA I EMISJA CO2: 50 / 50 (LPG)"
"9086","bigster_extreme_mildhybridg140_4x2_automatic_fuel_tank_capacity_petrol_20261001","bigster_extreme_mildhybridg140_4x2_automatic","fuel_tank_capacity","petrol","","50","2026-10-01","src_pl_bigster_price_my26_20261001","Source page 6, section ZUŻYCIE PALIWA I EMISJA CO2: 50 / 50 (LPG)"
"9087","bigster_extreme_mildhybridg140_4x2_automatic_fuel_tank_capacity_lpg_20261001","bigster_extreme_mildhybridg140_4x2_automatic","fuel_tank_capacity","lpg","","50","2026-10-01","src_pl_bigster_price_my26_20261001","Source page 6, section ZUŻYCIE PALIWA I EMISJA CO2: 50 / 50 (LPG)"
"9088","bigster_journey_mildhybridg140_4x2_automatic_fuel_tank_capacity_petrol_20261001","bigster_journey_mildhybridg140_4x2_automatic","fuel_tank_capacity","petrol","","50","2026-10-01","src_pl_bigster_price_my26_20261001","Source page 6, section ZUŻYCIE PALIWA I EMISJA CO2: 50 / 50 (LPG)"
"9089","bigster_journey_mildhybridg140_4x2_automatic_fuel_tank_capacity_lpg_20261001","bigster_journey_mildhybridg140_4x2_automatic","fuel_tank_capacity","lpg","","50","2026-10-01","src_pl_bigster_price_my26_20261001","Source page 6, section ZUŻYCIE PALIWA I EMISJA CO2: 50 / 50 (LPG)"
"9090","bigster_expression_tribrid150_4x4_automatic_fuel_tank_capacity_petrol_20261001","bigster_expression_tribrid150_4x4_automatic","fuel_tank_capacity","petrol","","50","2026-10-01","src_pl_bigster_price_my26_20261001","Source page 6, section ZUŻYCIE PALIWA I EMISJA CO2: 50 / 50 (LPG)"
"9091","bigster_expression_tribrid150_4x4_automatic_fuel_tank_capacity_lpg_20261001","bigster_expression_tribrid150_4x4_automatic","fuel_tank_capacity","lpg","","50","2026-10-01","src_pl_bigster_price_my26_20261001","Source page 6, section ZUŻYCIE PALIWA I EMISJA CO2: 50 / 50 (LPG)"
"9092","bigster_extreme_tribrid150_4x4_automatic_fuel_tank_capacity_petrol_20261001","bigster_extreme_tribrid150_4x4_automatic","fuel_tank_capacity","petrol","","50","2026-10-01","src_pl_bigster_price_my26_20261001","Source page 6, section ZUŻYCIE PALIWA I EMISJA CO2: 50 / 50 (LPG)"
"9093","bigster_extreme_tribrid150_4x4_automatic_fuel_tank_capacity_lpg_20261001","bigster_extreme_tribrid150_4x4_automatic","fuel_tank_capacity","lpg","","50","2026-10-01","src_pl_bigster_price_my26_20261001","Source page 6, section ZUŻYCIE PALIWA I EMISJA CO2: 50 / 50 (LPG)"
"9094","bigster_journey_tribrid150_4x4_automatic_fuel_tank_capacity_petrol_20261001","bigster_journey_tribrid150_4x4_automatic","fuel_tank_capacity","petrol","","50","2026-10-01","src_pl_bigster_price_my26_20261001","Source page 6, section ZUŻYCIE PALIWA I EMISJA CO2: 50 / 50 (LPG)"
"9095","bigster_journey_tribrid150_4x4_automatic_fuel_tank_capacity_lpg_20261001","bigster_journey_tribrid150_4x4_automatic","fuel_tank_capacity","lpg","","50","2026-10-01","src_pl_bigster_price_my26_20261001","Source page 6, section ZUŻYCIE PALIWA I EMISJA CO2: 50 / 50 (LPG)"
"9096","bigster_expression_mildhybridg140_4x2_automatic_gear_count_20261001","bigster_expression_mildhybridg140_4x2_automatic","gear_count","","","6","2026-10-01","src_pl_bigster_price_my26_20261001","Source page 6, section SILNIKI: manualna 6-biegowa"
"9097","bigster_extreme_mildhybridg140_4x2_automatic_gear_count_20261001","bigster_extreme_mildhybridg140_4x2_automatic","gear_count","","","6","2026-10-01","src_pl_bigster_price_my26_20261001","Source page 6, section SILNIKI: manualna 6-biegowa"
"9098","bigster_journey_mildhybridg140_4x2_automatic_gear_count_20261001","bigster_journey_mildhybridg140_4x2_automatic","gear_count","","","6","2026-10-01","src_pl_bigster_price_my26_20261001","Source page 6, section SILNIKI: manualna 6-biegowa"
"9099","bigster_expression_tribrid150_4x4_automatic_gear_count_20261001","bigster_expression_tribrid150_4x4_automatic","gear_count","","","6","2026-10-01","src_pl_bigster_price_my26_20261001","Source page 6, section SILNIKI: automatyczna 6-biegowa dwusprzęgłowa"
"9100","bigster_extreme_tribrid150_4x4_automatic_gear_count_20261001","bigster_extreme_tribrid150_4x4_automatic","gear_count","","","6","2026-10-01","src_pl_bigster_price_my26_20261001","Source page 6, section SILNIKI: automatyczna 6-biegowa dwusprzęgłowa"
"9101","bigster_journey_tribrid150_4x4_automatic_gear_count_20261001","bigster_journey_tribrid150_4x4_automatic","gear_count","","","6","2026-10-01","src_pl_bigster_price_my26_20261001","Source page 6, section SILNIKI: automatyczna 6-biegowa dwusprzęgłowa"
"9102","bigster_expression_mildhybridg140_4x2_automatic_gearbox_type_20261001","bigster_expression_mildhybridg140_4x2_automatic","gearbox_type","","","dct","2026-10-01","src_pl_bigster_price_my26_20261001","Source page 6, section SILNIKI: automatyczna 6-biegowa dwusprzęgłowa"
"9103","bigster_extreme_mildhybridg140_4x2_automatic_gearbox_type_20261001","bigster_extreme_mildhybridg140_4x2_automatic","gearbox_type","","","dct","2026-10-01","src_pl_bigster_price_my26_20261001","Source page 6, section SILNIKI: automatyczna 6-biegowa dwusprzęgłowa"
"9104","bigster_journey_mildhybridg140_4x2_automatic_gearbox_type_20261001","bigster_journey_mildhybridg140_4x2_automatic","gearbox_type","","","dct","2026-10-01","src_pl_bigster_price_my26_20261001","Source page 6, section SILNIKI: automatyczna 6-biegowa dwusprzęgłowa"
"9105","bigster_expression_tribrid150_4x4_automatic_gearbox_type_20261001","bigster_expression_tribrid150_4x4_automatic","gearbox_type","","","dct","2026-10-01","src_pl_bigster_price_my26_20261001","Source page 6, section SILNIKI: automatyczna 6-biegowa dwusprzęgłowa"
"9106","bigster_extreme_tribrid150_4x4_automatic_gearbox_type_20261001","bigster_extreme_tribrid150_4x4_automatic","gearbox_type","","","dct","2026-10-01","src_pl_bigster_price_my26_20261001","Source page 6, section SILNIKI: automatyczna 6-biegowa dwusprzęgłowa"
"9107","bigster_journey_tribrid150_4x4_automatic_gearbox_type_20261001","bigster_journey_tribrid150_4x4_automatic","gearbox_type","","","dct","2026-10-01","src_pl_bigster_price_my26_20261001","Source page 6, section SILNIKI: automatyczna 6-biegowa dwusprzęgłowa"
"9108","bigster_expression_mildhybridg140_4x2_automatic_gross_vehicle_weight_20261001","bigster_expression_mildhybridg140_4x2_automatic","gross_vehicle_weight","","","1890","2026-10-01","src_pl_bigster_price_my26_20261001","Source page 6, section MASY (kg): 1890"
"9109","bigster_extreme_mildhybridg140_4x2_automatic_gross_vehicle_weight_20261001","bigster_extreme_mildhybridg140_4x2_automatic","gross_vehicle_weight","","","1890","2026-10-01","src_pl_bigster_price_my26_20261001","Source page 6, section MASY (kg): 1890"
"9110","bigster_journey_mildhybridg140_4x2_automatic_gross_vehicle_weight_20261001","bigster_journey_mildhybridg140_4x2_automatic","gross_vehicle_weight","","","1890","2026-10-01","src_pl_bigster_price_my26_20261001","Source page 6, section MASY (kg): 1890"
"9111","bigster_expression_tribrid150_4x4_automatic_gross_vehicle_weight_20261001","bigster_expression_tribrid150_4x4_automatic","gross_vehicle_weight","","","2045","2026-10-01","src_pl_bigster_price_my26_20261001","Source page 6, section MASY (kg): 2045"
"9112","bigster_extreme_tribrid150_4x4_automatic_gross_vehicle_weight_20261001","bigster_extreme_tribrid150_4x4_automatic","gross_vehicle_weight","","","2045","2026-10-01","src_pl_bigster_price_my26_20261001","Source page 6, section MASY (kg): 2045"
"9113","bigster_journey_tribrid150_4x4_automatic_gross_vehicle_weight_20261001","bigster_journey_tribrid150_4x4_automatic","gross_vehicle_weight","","","2045","2026-10-01","src_pl_bigster_price_my26_20261001","Source page 6, section MASY (kg): 2045"
