id,source_code,configuration_code,relationship,notes
1,src_pl_sandero_expression_ecog120_mt_20260626,sandero_iii_expression_ecog120_manual,documents,
2,src_pl_sandero_journey_ecog120_mt_20260626,sandero_iii_journey_ecog120_manual,documents,
3,src_pl_sandero_stepway_essential_ecog120_mt_20260626,sandero_stepway_iii_essential_ecog120_manual,documents,
4,src_pl_sandero_stepway_expression_ecog120_at_20260626,sandero_stepway_iii_expression_ecog120_automatic,documents,
5,src_pl_sandero_stepway_expression_ecog120_mt_20260626,sandero_stepway_iii_expression_ecog120_manual,documents,
6,src_pl_sandero_stepway_extreme_ecog120_at_20260626,sandero_stepway_iii_extreme_ecog120_automatic,documents,
7,src_pl_sandero_stepway_extreme_ecog120_mt_20260626,sandero_stepway_iii_extreme_ecog120_manual,documents,
8,src_pl_duster_price_my26_py25_20260206,duster_iii_essential_ecog100_4x2_manual,documents,Page-1 combination; transmission type confirmed on pages 8-9.
9,src_pl_duster_price_my26_py25_20260206,duster_iii_expression_ecog100_4x2_manual,documents,Page-1 combination; transmission type confirmed on pages 8-9.
10,src_pl_duster_price_my26_py25_20260206,duster_iii_extreme_ecog100_4x2_manual,documents,Page-1 combination; transmission type confirmed on pages 8-9.
11,src_pl_duster_price_my26_py25_20260206,duster_iii_journey_ecog100_4x2_manual,documents,Page-1 combination; transmission type confirmed on pages 8-9.
12,src_pl_duster_price_my26_py25_20260206,duster_iii_expression_mildhybrid130_4x2_manual,documents,Page-1 combination; transmission type confirmed on pages 8-9.
13,src_pl_duster_price_my26_py25_20260206,duster_iii_extreme_mildhybrid130_4x2_manual,documents,Page-1 combination; transmission type confirmed on pages 8-9.
14,src_pl_duster_price_my26_py25_20260206,duster_iii_journey_mildhybrid130_4x2_manual,documents,Page-1 combination; transmission type confirmed on pages 8-9.
15,src_pl_duster_price_my26_py25_20260206,duster_iii_expression_hybrid140_4x2_automatic,documents,Page-1 combination; transmission type confirmed on pages 8-9.
16,src_pl_duster_price_my26_py25_20260206,duster_iii_extreme_hybrid140_4x2_automatic,documents,Page-1 combination; transmission type confirmed on pages 8-9.
17,src_pl_duster_price_my26_py25_20260206,duster_iii_journey_hybrid140_4x2_automatic,documents,Page-1 combination; transmission type confirmed on pages 8-9.
18,src_pl_duster_price_my26_py25_20260206,duster_iii_journey_plus_hybrid140_4x2_automatic,documents,Page-1 combination; transmission type confirmed on pages 8-9.
19,src_pl_duster_price_my26_py25_20260206,duster_iii_expression_mildhybrid130_4x4_manual,documents,Page-1 combination; transmission type confirmed on pages 8-9.
20,src_pl_duster_price_my26_py25_20260206,duster_iii_extreme_mildhybrid130_4x4_manual,documents,Page-1 combination; transmission type confirmed on pages 8-9.
21,src_pl_duster_price_my26_py25_20260206,duster_iii_journey_mildhybrid130_4x4_manual,documents,Page-1 combination; transmission type confirmed on pages 8-9.
22,src_pl_duster_price_my26_py25_20260206,duster_iii_essential_ecog120_4x2_manual,documents,Page-1 combination; transmission type confirmed on pages 8-9.
23,src_pl_duster_price_my26_py25_20260206,duster_iii_expression_ecog120_4x2_manual,documents,Page-1 combination; transmission type confirmed on pages 8-9.
24,src_pl_duster_price_my26_py25_20260206,duster_iii_extreme_ecog120_4x2_manual,documents,Page-1 combination; transmission type confirmed on pages 8-9.
25,src_pl_duster_price_my26_py25_20260206,duster_iii_journey_ecog120_4x2_manual,documents,Page-1 combination; transmission type confirmed on pages 8-9.
26,src_pl_duster_price_my26_py25_20260206,duster_iii_expression_mildhybrid140_4x2_manual,documents,Page-1 combination; transmission type confirmed on pages 8-9.
27,src_pl_duster_price_my26_py25_20260206,duster_iii_extreme_mildhybrid140_4x2_manual,documents,Page-1 combination; transmission type confirmed on pages 8-9.
28,src_pl_duster_price_my26_py25_20260206,duster_iii_journey_mildhybrid140_4x2_manual,documents,Page-1 combination; transmission type confirmed on pages 8-9.
29,src_pl_duster_price_my26_py25_20260206,duster_iii_expression_hybrid155_4x2_automatic,documents,Page-1 combination; transmission type confirmed on pages 8-9.
30,src_pl_duster_price_my26_py25_20260206,duster_iii_extreme_hybrid155_4x2_automatic,documents,Page-1 combination; transmission type confirmed on pages 8-9.
31,src_pl_duster_price_my26_py25_20260206,duster_iii_journey_hybrid155_4x2_automatic,documents,Page-1 combination; transmission type confirmed on pages 8-9.
32,src_pl_jogger_price_my26_20260401,jogger_essential_5seat_ecog120_manual,documents,Non-empty page-1 price cell with explicit seat-count group.
33,src_pl_jogger_price_my26_20260401,jogger_expression_5seat_ecog120_manual,documents,Non-empty page-1 price cell with explicit seat-count group.
34,src_pl_jogger_price_my26_20260401,jogger_extreme_5seat_ecog120_manual,documents,Non-empty page-1 price cell with explicit seat-count group.
35,src_pl_jogger_price_my26_20260401,jogger_extreme_5seat_ecog120_automatic,documents,Non-empty page-1 price cell with explicit seat-count group.
36,src_pl_jogger_price_my26_20260401,jogger_journey_5seat_ecog120_automatic,documents,Non-empty page-1 price cell with explicit seat-count group.
37,src_pl_jogger_price_my26_20260401,jogger_expression_5seat_tce110_manual,documents,Non-empty page-1 price cell with explicit seat-count group.
38,src_pl_jogger_price_my26_20260401,jogger_extreme_5seat_tce110_manual,documents,Non-empty page-1 price cell with explicit seat-count group.
39,src_pl_jogger_price_my26_20260401,jogger_journey_5seat_tce110_manual,documents,Non-empty page-1 price cell with explicit seat-count group.
40,src_pl_jogger_price_my26_20260401,jogger_expression_5seat_hybrid155_automatic,documents,Non-empty page-1 price cell with explicit seat-count group.
41,src_pl_jogger_price_my26_20260401,jogger_extreme_5seat_hybrid155_automatic,documents,Non-empty page-1 price cell with explicit seat-count group.
42,src_pl_jogger_price_my26_20260401,jogger_journey_5seat_hybrid155_automatic,documents,Non-empty page-1 price cell with explicit seat-count group.
43,src_pl_jogger_price_my26_20260401,jogger_essential_7seat_ecog120_manual,documents,Non-empty page-1 price cell with explicit seat-count group.
44,src_pl_jogger_price_my26_20260401,jogger_expression_7seat_ecog120_manual,documents,Non-empty page-1 price cell with explicit seat-count group.
45,src_pl_jogger_price_my26_20260401,jogger_extreme_7seat_ecog120_manual,documents,Non-empty page-1 price cell with explicit seat-count group.
46,src_pl_jogger_price_my26_20260401,jogger_extreme_7seat_ecog120_automatic,documents,Non-empty page-1 price cell with explicit seat-count group.
47,src_pl_jogger_price_my26_20260401,jogger_journey_7seat_ecog120_automatic,documents,Non-empty page-1 price cell with explicit seat-count group.
48,src_pl_jogger_price_my26_20260401,jogger_expression_7seat_tce110_manual,documents,Non-empty page-1 price cell with explicit seat-count group.
49,src_pl_jogger_price_my26_20260401,jogger_extreme_7seat_tce110_manual,documents,Non-empty page-1 price cell with explicit seat-count group.
50,src_pl_jogger_price_my26_20260401,jogger_journey_7seat_tce110_manual,documents,Non-empty page-1 price cell with explicit seat-count group.
51,src_pl_jogger_price_my26_20260401,jogger_expression_7seat_hybrid155_automatic,documents,Non-empty page-1 price cell with explicit seat-count group.
52,src_pl_jogger_price_my26_20260401,jogger_extreme_7seat_hybrid155_automatic,documents,Non-empty page-1 price cell with explicit seat-count group.
53,src_pl_jogger_price_my26_20260401,jogger_journey_7seat_hybrid155_automatic,documents,Non-empty page-1 price cell with explicit seat-count group.
54,src_pl_sandero_stepway_price_my26_20260703,sandero_iii_expression_ecog120_manual,documents,Non-empty page-1 price cell in the 2026-07-03 matrix; observations are imported separately.
55,src_pl_sandero_stepway_price_my26_20260703,sandero_iii_journey_ecog120_manual,documents,Non-empty page-1 price cell in the 2026-07-03 matrix; observations are imported separately.
56,src_pl_sandero_stepway_price_my26_20260703,sandero_stepway_iii_essential_ecog120_manual,documents,Non-empty page-1 price cell in the 2026-07-03 matrix; observations are imported separately.
57,src_pl_sandero_stepway_price_my26_20260703,sandero_stepway_iii_expression_ecog120_automatic,documents,Non-empty page-1 price cell in the 2026-07-03 matrix; observations are imported separately.
58,src_pl_sandero_stepway_price_my26_20260703,sandero_stepway_iii_expression_ecog120_manual,documents,Non-empty page-1 price cell in the 2026-07-03 matrix; observations are imported separately.
59,src_pl_sandero_stepway_price_my26_20260703,sandero_stepway_iii_extreme_ecog120_automatic,documents,Non-empty page-1 price cell in the 2026-07-03 matrix; observations are imported separately.
60,src_pl_sandero_stepway_price_my26_20260703,sandero_stepway_iii_extreme_ecog120_manual,documents,Non-empty page-1 price cell in the 2026-07-03 matrix; observations are imported separately.
61,src_pl_duster_price_my26_20260703,duster_iii_essential_ecog120_4x2_manual,documents,Non-empty page-1 price cell in the 2026-07-03 matrix; observations are imported separately.
62,src_pl_duster_price_my26_20260703,duster_iii_expression_ecog120_4x2_manual,documents,Non-empty page-1 price cell in the 2026-07-03 matrix; observations are imported separately.
63,src_pl_duster_price_my26_20260703,duster_iii_extreme_ecog120_4x2_manual,documents,Non-empty page-1 price cell in the 2026-07-03 matrix; observations are imported separately.
64,src_pl_duster_price_my26_20260703,duster_iii_journey_ecog120_4x2_manual,documents,Non-empty page-1 price cell in the 2026-07-03 matrix; observations are imported separately.
65,src_pl_duster_price_my26_20260703,duster_iii_expression_mildhybrid140_4x2_manual,documents,Non-empty page-1 price cell in the 2026-07-03 matrix; observations are imported separately.
66,src_pl_duster_price_my26_20260703,duster_iii_extreme_mildhybrid140_4x2_manual,documents,Non-empty page-1 price cell in the 2026-07-03 matrix; observations are imported separately.
67,src_pl_duster_price_my26_20260703,duster_iii_journey_mildhybrid140_4x2_manual,documents,Non-empty page-1 price cell in the 2026-07-03 matrix; observations are imported separately.
68,src_pl_duster_price_my26_20260703,duster_iii_expression_hybrid155_4x2_automatic,documents,Non-empty page-1 price cell in the 2026-07-03 matrix; observations are imported separately.
69,src_pl_duster_price_my26_20260703,duster_iii_extreme_hybrid155_4x2_automatic,documents,Non-empty page-1 price cell in the 2026-07-03 matrix; observations are imported separately.
70,src_pl_duster_price_my26_20260703,duster_iii_journey_hybrid155_4x2_automatic,documents,Non-empty page-1 price cell in the 2026-07-03 matrix; observations are imported separately.
71,src_pl_jogger_price_my26_20260703,jogger_essential_5seat_ecog120_manual,documents,Non-empty page-1 price cell in the 2026-07-03 matrix; observations are imported separately.
72,src_pl_jogger_price_my26_20260703,jogger_expression_5seat_ecog120_manual,documents,Non-empty page-1 price cell in the 2026-07-03 matrix; observations are imported separately.
73,src_pl_jogger_price_my26_20260703,jogger_extreme_5seat_ecog120_manual,documents,Non-empty page-1 price cell in the 2026-07-03 matrix; observations are imported separately.
74,src_pl_jogger_price_my26_20260703,jogger_extreme_5seat_ecog120_automatic,documents,Non-empty page-1 price cell in the 2026-07-03 matrix; observations are imported separately.
75,src_pl_jogger_price_my26_20260703,jogger_journey_5seat_ecog120_automatic,documents,Non-empty page-1 price cell in the 2026-07-03 matrix; observations are imported separately.
76,src_pl_jogger_price_my26_20260703,jogger_expression_5seat_tce110_manual,documents,Non-empty page-1 price cell in the 2026-07-03 matrix; observations are imported separately.
77,src_pl_jogger_price_my26_20260703,jogger_extreme_5seat_tce110_manual,documents,Non-empty page-1 price cell in the 2026-07-03 matrix; observations are imported separately.
78,src_pl_jogger_price_my26_20260703,jogger_journey_5seat_tce110_manual,documents,Non-empty page-1 price cell in the 2026-07-03 matrix; observations are imported separately.
79,src_pl_jogger_price_my26_20260703,jogger_expression_5seat_hybrid155_automatic,documents,Non-empty page-1 price cell in the 2026-07-03 matrix; observations are imported separately.
80,src_pl_jogger_price_my26_20260703,jogger_extreme_5seat_hybrid155_automatic,documents,Non-empty page-1 price cell in the 2026-07-03 matrix; observations are imported separately.
81,src_pl_jogger_price_my26_20260703,jogger_journey_5seat_hybrid155_automatic,documents,Non-empty page-1 price cell in the 2026-07-03 matrix; observations are imported separately.
82,src_pl_jogger_price_my26_20260703,jogger_essential_7seat_ecog120_manual,documents,Non-empty page-1 price cell in the 2026-07-03 matrix; observations are imported separately.
83,src_pl_jogger_price_my26_20260703,jogger_expression_7seat_ecog120_manual,documents,Non-empty page-1 price cell in the 2026-07-03 matrix; observations are imported separately.
84,src_pl_jogger_price_my26_20260703,jogger_extreme_7seat_ecog120_manual,documents,Non-empty page-1 price cell in the 2026-07-03 matrix; observations are imported separately.
85,src_pl_jogger_price_my26_20260703,jogger_extreme_7seat_ecog120_automatic,documents,Non-empty page-1 price cell in the 2026-07-03 matrix; observations are imported separately.
86,src_pl_jogger_price_my26_20260703,jogger_journey_7seat_ecog120_automatic,documents,Non-empty page-1 price cell in the 2026-07-03 matrix; observations are imported separately.
87,src_pl_jogger_price_my26_20260703,jogger_expression_7seat_tce110_manual,documents,Non-empty page-1 price cell in the 2026-07-03 matrix; observations are imported separately.
88,src_pl_jogger_price_my26_20260703,jogger_extreme_7seat_tce110_manual,documents,Non-empty page-1 price cell in the 2026-07-03 matrix; observations are imported separately.
89,src_pl_jogger_price_my26_20260703,jogger_journey_7seat_tce110_manual,documents,Non-empty page-1 price cell in the 2026-07-03 matrix; observations are imported separately.
90,src_pl_jogger_price_my26_20260703,jogger_expression_7seat_hybrid155_automatic,documents,Non-empty page-1 price cell in the 2026-07-03 matrix; observations are imported separately.
91,src_pl_jogger_price_my26_20260703,jogger_extreme_7seat_hybrid155_automatic,documents,Non-empty page-1 price cell in the 2026-07-03 matrix; observations are imported separately.
92,src_pl_jogger_price_my26_20260703,jogger_journey_7seat_hybrid155_automatic,documents,Non-empty page-1 price cell in the 2026-07-03 matrix; observations are imported separately.
93,src_pl_bigster_price_my26_20260703,bigster_essential_mildhybrid140_4x2_manual,documents,Non-empty page-1 price cell in the 2026-07-03 matrix; transmission type confirmed in the source engine table.
94,src_pl_bigster_price_my26_20260703,bigster_expression_mildhybrid140_4x2_manual,documents,Non-empty page-1 price cell in the 2026-07-03 matrix; transmission type confirmed in the source engine table.
95,src_pl_bigster_price_my26_20260703,bigster_extreme_mildhybrid140_4x2_manual,documents,Non-empty page-1 price cell in the 2026-07-03 matrix; transmission type confirmed in the source engine table.
96,src_pl_bigster_price_my26_20260703,bigster_journey_mildhybrid140_4x2_manual,documents,Non-empty page-1 price cell in the 2026-07-03 matrix; transmission type confirmed in the source engine table.
97,src_pl_bigster_price_my26_20260703,bigster_essential_mildhybridg140_4x2_manual,documents,Non-empty page-1 price cell in the 2026-07-03 matrix; transmission type confirmed in the source engine table.
98,src_pl_bigster_price_my26_20260703,bigster_expression_mildhybridg140_4x2_manual,documents,Non-empty page-1 price cell in the 2026-07-03 matrix; transmission type confirmed in the source engine table.
99,src_pl_bigster_price_my26_20260703,bigster_extreme_mildhybridg140_4x2_manual,documents,Non-empty page-1 price cell in the 2026-07-03 matrix; transmission type confirmed in the source engine table.
100,src_pl_bigster_price_my26_20260703,bigster_journey_mildhybridg140_4x2_manual,documents,Non-empty page-1 price cell in the 2026-07-03 matrix; transmission type confirmed in the source engine table.
101,src_pl_bigster_price_my26_20260703,bigster_expression_hybrid155_4x2_automatic,documents,Non-empty page-1 price cell in the 2026-07-03 matrix; transmission type confirmed in the source engine table.
102,src_pl_bigster_price_my26_20260703,bigster_extreme_hybrid155_4x2_automatic,documents,Non-empty page-1 price cell in the 2026-07-03 matrix; transmission type confirmed in the source engine table.
103,src_pl_bigster_price_my26_20260703,bigster_journey_hybrid155_4x2_automatic,documents,Non-empty page-1 price cell in the 2026-07-03 matrix; transmission type confirmed in the source engine table.
104,src_pl_bigster_price_my26_20260703,bigster_expression_hybridg150_4x4_automatic,documents,Non-empty page-1 price cell in the 2026-07-03 matrix; transmission type confirmed in the source engine table.
105,src_pl_bigster_price_my26_20260703,bigster_extreme_hybridg150_4x4_automatic,documents,Non-empty page-1 price cell in the 2026-07-03 matrix; transmission type confirmed in the source engine table.
106,src_pl_bigster_price_my26_20260703,bigster_journey_hybridg150_4x4_automatic,documents,Non-empty page-1 price cell in the 2026-07-03 matrix; transmission type confirmed in the source engine table.
107,src_pl_sandero_stepway_official_web_configurations_20260723,sandero_stepway_iii_essential_ecog120_manual,web_configuration_documents,Official version page explicitly lists Eco-G 120 with manual gearbox and catalogue price; only source-visible version highlights are expanded.
108,src_pl_sandero_stepway_official_web_configurations_20260723,sandero_stepway_iii_expression_ecog120_manual,web_configuration_documents,Official version page explicitly lists Eco-G 120 with manual gearbox and catalogue price; only source-visible version highlights are expanded.
109,src_pl_sandero_stepway_official_web_configurations_20260723,sandero_stepway_iii_expression_ecog120_automatic,web_configuration_documents,Official version page explicitly lists Eco-G 120 with automatic gearbox and catalogue price; only source-visible version highlights are expanded.
110,src_pl_sandero_stepway_official_web_configurations_20260723,sandero_stepway_iii_extreme_ecog120_manual,web_configuration_documents,Official version page explicitly lists Eco-G 120 with manual gearbox and catalogue price; only source-visible version highlights are expanded.
111,src_pl_sandero_stepway_official_web_configurations_20260723,sandero_stepway_iii_extreme_ecog120_automatic,web_configuration_documents,Official version page explicitly lists Eco-G 120 with automatic gearbox and catalogue price; only source-visible version highlights are expanded.
112,src_pl_sandero_official_web_configurations_20260723,sandero_iii_expression_ecog120_manual,web_configuration_documents,Official version page explicitly lists Eco-G 120 with manual gearbox and catalogue price; only source-visible version highlights are expanded.
113,src_pl_sandero_official_web_configurations_20260723,sandero_iii_expression_ecog120_automatic,web_configuration_documents,Official version page explicitly lists Eco-G 120 with automatic gearbox and catalogue price; only source-visible version highlights are expanded.
114,src_pl_sandero_official_web_configurations_20260723,sandero_iii_journey_ecog120_manual,web_configuration_documents,Official version page explicitly lists Eco-G 120 with manual gearbox and catalogue price; only source-visible version highlights are expanded.
115,src_pl_sandero_official_web_configurations_20260723,sandero_iii_journey_ecog120_automatic,web_configuration_documents,Official version page explicitly lists Eco-G 120 with automatic gearbox and catalogue price; only source-visible version highlights are expanded.
116,src_pl_cross_model_option_coverage_20260724,sandero_iii_expression_ecog120_automatic,web_option_coverage_documents,Active configuration belongs to exact grade sandero_iii_expression documented by the official equipment page observed 2026-07-24.
117,src_pl_cross_model_option_coverage_20260724,sandero_iii_expression_ecog120_manual,web_option_coverage_documents,Active configuration belongs to exact grade sandero_iii_expression documented by the official equipment page observed 2026-07-24.
118,src_pl_cross_model_option_coverage_20260724,sandero_iii_journey_ecog120_automatic,web_option_coverage_documents,Active configuration belongs to exact grade sandero_iii_journey documented by the official equipment page observed 2026-07-24.
119,src_pl_cross_model_option_coverage_20260724,sandero_iii_journey_ecog120_manual,web_option_coverage_documents,Active configuration belongs to exact grade sandero_iii_journey documented by the official equipment page observed 2026-07-24.
120,src_pl_cross_model_option_coverage_20260724,sandero_stepway_iii_essential_ecog120_manual,web_option_coverage_documents,Active configuration belongs to exact grade sandero_stepway_iii_essential documented by the official equipment page observed 2026-07-24.
121,src_pl_cross_model_option_coverage_20260724,sandero_stepway_iii_expression_ecog120_automatic,web_option_coverage_documents,Active configuration belongs to exact grade sandero_stepway_iii_expression documented by the official equipment page observed 2026-07-24.
122,src_pl_cross_model_option_coverage_20260724,sandero_stepway_iii_expression_ecog120_manual,web_option_coverage_documents,Active configuration belongs to exact grade sandero_stepway_iii_expression documented by the official equipment page observed 2026-07-24.
123,src_pl_cross_model_option_coverage_20260724,sandero_stepway_iii_extreme_ecog120_automatic,web_option_coverage_documents,Active configuration belongs to exact grade sandero_stepway_iii_extreme documented by the official equipment page observed 2026-07-24.
124,src_pl_cross_model_option_coverage_20260724,sandero_stepway_iii_extreme_ecog120_manual,web_option_coverage_documents,Active configuration belongs to exact grade sandero_stepway_iii_extreme documented by the official equipment page observed 2026-07-24.
125,src_pl_cross_model_option_coverage_20260724,jogger_essential_5seat_ecog120_manual,web_option_coverage_documents,Active configuration belongs to exact grade jogger_essential documented by the official equipment page observed 2026-07-24.
126,src_pl_cross_model_option_coverage_20260724,jogger_essential_7seat_ecog120_manual,web_option_coverage_documents,Active configuration belongs to exact grade jogger_essential documented by the official equipment page observed 2026-07-24.
127,src_pl_cross_model_option_coverage_20260724,jogger_expression_5seat_ecog120_manual,web_option_coverage_documents,Active configuration belongs to exact grade jogger_expression documented by the official equipment page observed 2026-07-24.
128,src_pl_cross_model_option_coverage_20260724,jogger_expression_5seat_hybrid155_automatic,web_option_coverage_documents,Active configuration belongs to exact grade jogger_expression documented by the official equipment page observed 2026-07-24.
129,src_pl_cross_model_option_coverage_20260724,jogger_expression_5seat_tce110_manual,web_option_coverage_documents,Active configuration belongs to exact grade jogger_expression documented by the official equipment page observed 2026-07-24.
130,src_pl_cross_model_option_coverage_20260724,jogger_expression_7seat_ecog120_manual,web_option_coverage_documents,Active configuration belongs to exact grade jogger_expression documented by the official equipment page observed 2026-07-24.
131,src_pl_cross_model_option_coverage_20260724,jogger_expression_7seat_hybrid155_automatic,web_option_coverage_documents,Active configuration belongs to exact grade jogger_expression documented by the official equipment page observed 2026-07-24.
132,src_pl_cross_model_option_coverage_20260724,jogger_expression_7seat_tce110_manual,web_option_coverage_documents,Active configuration belongs to exact grade jogger_expression documented by the official equipment page observed 2026-07-24.
133,src_pl_cross_model_option_coverage_20260724,jogger_extreme_5seat_ecog120_automatic,web_option_coverage_documents,Active configuration belongs to exact grade jogger_extreme documented by the official equipment page observed 2026-07-24.
134,src_pl_cross_model_option_coverage_20260724,jogger_extreme_5seat_ecog120_manual,web_option_coverage_documents,Active configuration belongs to exact grade jogger_extreme documented by the official equipment page observed 2026-07-24.
135,src_pl_cross_model_option_coverage_20260724,jogger_extreme_5seat_hybrid155_automatic,web_option_coverage_documents,Active configuration belongs to exact grade jogger_extreme documented by the official equipment page observed 2026-07-24.
136,src_pl_cross_model_option_coverage_20260724,jogger_extreme_5seat_tce110_manual,web_option_coverage_documents,Active configuration belongs to exact grade jogger_extreme documented by the official equipment page observed 2026-07-24.
137,src_pl_cross_model_option_coverage_20260724,jogger_extreme_7seat_ecog120_automatic,web_option_coverage_documents,Active configuration belongs to exact grade jogger_extreme documented by the official equipment page observed 2026-07-24.
138,src_pl_cross_model_option_coverage_20260724,jogger_extreme_7seat_ecog120_manual,web_option_coverage_documents,Active configuration belongs to exact grade jogger_extreme documented by the official equipment page observed 2026-07-24.
139,src_pl_cross_model_option_coverage_20260724,jogger_extreme_7seat_hybrid155_automatic,web_option_coverage_documents,Active configuration belongs to exact grade jogger_extreme documented by the official equipment page observed 2026-07-24.
140,src_pl_cross_model_option_coverage_20260724,jogger_extreme_7seat_tce110_manual,web_option_coverage_documents,Active configuration belongs to exact grade jogger_extreme documented by the official equipment page observed 2026-07-24.
141,src_pl_cross_model_option_coverage_20260724,jogger_journey_5seat_ecog120_automatic,web_option_coverage_documents,Active configuration belongs to exact grade jogger_journey documented by the official equipment page observed 2026-07-24.
142,src_pl_cross_model_option_coverage_20260724,jogger_journey_5seat_hybrid155_automatic,web_option_coverage_documents,Active configuration belongs to exact grade jogger_journey documented by the official equipment page observed 2026-07-24.
143,src_pl_cross_model_option_coverage_20260724,jogger_journey_5seat_tce110_manual,web_option_coverage_documents,Active configuration belongs to exact grade jogger_journey documented by the official equipment page observed 2026-07-24.
144,src_pl_cross_model_option_coverage_20260724,jogger_journey_7seat_ecog120_automatic,web_option_coverage_documents,Active configuration belongs to exact grade jogger_journey documented by the official equipment page observed 2026-07-24.
145,src_pl_cross_model_option_coverage_20260724,jogger_journey_7seat_hybrid155_automatic,web_option_coverage_documents,Active configuration belongs to exact grade jogger_journey documented by the official equipment page observed 2026-07-24.
146,src_pl_cross_model_option_coverage_20260724,jogger_journey_7seat_tce110_manual,web_option_coverage_documents,Active configuration belongs to exact grade jogger_journey documented by the official equipment page observed 2026-07-24.
147,src_pl_duster_ecog120_automatic_stock_20260724,duster_iii_expression_ecog120_4x2_automatic,exact_stock_configuration_documents,"Official stock card 121553 explicitly identifies version, Eco-G 120 powertrain and automatic transmission."
148,src_pl_duster_ecog120_automatic_stock_20260724,duster_iii_extreme_ecog120_4x2_automatic,exact_stock_configuration_documents,"Official stock card 121540 explicitly identifies version, Eco-G 120 powertrain and automatic transmission."
149,src_pl_duster_ecog120_automatic_stock_20260724,duster_iii_journey_ecog120_4x2_automatic,exact_stock_configuration_documents,"Official stock card 121030 explicitly identifies version, Eco-G 120 powertrain and automatic transmission."
150,src_pl_duster_ecog120_automatic_engine_20260724,duster_iii_expression_ecog120_4x2_automatic,intrinsic_engine_data_for,Exact automatic configuration independently proven by official stock card.
151,src_pl_duster_ecog120_automatic_engine_20260724,duster_iii_extreme_ecog120_4x2_automatic,intrinsic_engine_data_for,Exact automatic configuration independently proven by official stock card.
152,src_pl_duster_ecog120_automatic_engine_20260724,duster_iii_journey_ecog120_4x2_automatic,intrinsic_engine_data_for,Exact automatic configuration independently proven by official stock card.
153,src_pl_duster_exact_stock_equipment_20260724,duster_iii_expression_ecog120_4x2_automatic,exact_stock_equipment_documents,Official Dacia Poland exact stock card 121553 provides equipment and selected-package evidence.
154,src_pl_duster_exact_stock_equipment_20260724,duster_iii_extreme_ecog120_4x2_automatic,exact_stock_equipment_documents,Official Dacia Poland exact stock card 121540 provides equipment and selected-package evidence.
155,src_pl_duster_exact_stock_equipment_20260724,duster_iii_journey_ecog120_4x2_automatic,exact_stock_equipment_documents,Official Dacia Poland exact stock card 121030 provides equipment and selected-package evidence.
156,src_pl_duster_ecog120_automatic_wltp_20260725,duster_iii_expression_ecog120_4x2_automatic,automatic_wltp_data_for,Exact PL stock page VEH_UU1DJF01777214817 identifies Expression Eco-G 120 automatic.
157,src_pl_duster_ecog120_automatic_wltp_20260725,duster_iii_extreme_ecog120_4x2_automatic,automatic_wltp_data_for,Exact PL stock page VEH_UU1DJF01977214866 identifies Extreme Eco-G 120 automatic.
158,src_pl_duster_ecog120_automatic_wltp_20260725,duster_iii_journey_ecog120_4x2_automatic,automatic_wltp_data_for,Exact PL stock page VEH_UU1DJF01977214687 identifies Journey Eco-G 120 automatic.
159,src_ro_duster_ecog120_automatic_homologation_20260725,duster_iii_expression_ecog120_4x2_automatic,automatic_homologation_data_for,Exact RO stock page UU1DJF01177585830 identifies Expression Eco-G 120 automatic.
160,src_ro_duster_ecog120_automatic_homologation_20260725,duster_iii_extreme_ecog120_4x2_automatic,automatic_homologation_data_for,Exact RO stock page UU1DJF01577585894 identifies Extreme Eco-G 120 automatic.
161,src_ro_duster_ecog120_automatic_homologation_20260725,duster_iii_journey_ecog120_4x2_automatic,automatic_homologation_data_for,Exact RO stock page UU1DJF01977030219 identifies Journey Eco-G 120 automatic.
162,src_pl_duster_price_my26_20260703,duster_iii_expression_ecog120_4x2_automatic,catalogue_technical_data_for,Official MY26 price-list matrix identifies the exact Eco-G 120 automatic configuration; page 6 supplies the ISO 3832 cargo values.
163,src_pl_duster_price_my26_20260703,duster_iii_extreme_ecog120_4x2_automatic,catalogue_technical_data_for,Official MY26 price-list matrix identifies the exact Eco-G 120 automatic configuration; page 6 supplies the ISO 3832 cargo values.
164,src_pl_duster_price_my26_20260703,duster_iii_journey_ecog120_4x2_automatic,catalogue_technical_data_for,Official MY26 price-list matrix identifies the exact Eco-G 120 automatic configuration; page 6 supplies the ISO 3832 cargo values.
165,src_pl_sandero_brochure_20260202,sandero_iii_expression_ecog120_manual,brochure_technical_data_for,The model-level official brochure lists the represented Eco-G 120 powertrain and gives one model-wide cargo table on page 20; the active configuration inherits five-seat layout from master data.
166,src_pl_sandero_brochure_20260202,sandero_iii_journey_ecog120_manual,brochure_technical_data_for,The model-level official brochure lists the represented Eco-G 120 powertrain and gives one model-wide cargo table on page 20; the active configuration inherits five-seat layout from master data.
167,src_pl_sandero_brochure_20260202,sandero_iii_expression_ecog120_automatic,brochure_technical_data_for,The model-level official brochure lists the represented Eco-G 120 powertrain and gives one model-wide cargo table on page 20; the active configuration inherits five-seat layout from master data.
168,src_pl_sandero_brochure_20260202,sandero_iii_journey_ecog120_automatic,brochure_technical_data_for,The model-level official brochure lists the represented Eco-G 120 powertrain and gives one model-wide cargo table on page 20; the active configuration inherits five-seat layout from master data.
169,src_pl_sandero_stepway_brochure_20260202,sandero_stepway_iii_essential_ecog120_manual,brochure_technical_data_for,The model-level official brochure lists the represented Eco-G 120 powertrain and gives one model-wide cargo table on page 20; the active configuration inherits five-seat layout from master data.
170,src_pl_sandero_stepway_brochure_20260202,sandero_stepway_iii_expression_ecog120_manual,brochure_technical_data_for,The model-level official brochure lists the represented Eco-G 120 powertrain and gives one model-wide cargo table on page 20; the active configuration inherits five-seat layout from master data.
171,src_pl_sandero_stepway_brochure_20260202,sandero_stepway_iii_expression_ecog120_automatic,brochure_technical_data_for,The model-level official brochure lists the represented Eco-G 120 powertrain and gives one model-wide cargo table on page 20; the active configuration inherits five-seat layout from master data.
172,src_pl_sandero_stepway_brochure_20260202,sandero_stepway_iii_extreme_ecog120_manual,brochure_technical_data_for,The model-level official brochure lists the represented Eco-G 120 powertrain and gives one model-wide cargo table on page 20; the active configuration inherits five-seat layout from master data.
173,src_pl_sandero_stepway_brochure_20260202,sandero_stepway_iii_extreme_ecog120_automatic,brochure_technical_data_for,The model-level official brochure lists the represented Eco-G 120 powertrain and gives one model-wide cargo table on page 20; the active configuration inherits five-seat layout from master data.
174,src_pl_jogger_brochure_20251217,jogger_essential_5seat_ecog120_manual,brochure_technical_data_for,The official model brochure lists five- and seven-seat Jogger variants and gives the corresponding cargo table on page 22. The exact seat count is verified against configuration-level master data.
175,src_pl_jogger_brochure_20251217,jogger_expression_5seat_ecog120_manual,brochure_technical_data_for,The official model brochure lists five- and seven-seat Jogger variants and gives the corresponding cargo table on page 22. The exact seat count is verified against configuration-level master data.
176,src_pl_jogger_brochure_20251217,jogger_extreme_5seat_ecog120_manual,brochure_technical_data_for,The official model brochure lists five- and seven-seat Jogger variants and gives the corresponding cargo table on page 22. The exact seat count is verified against configuration-level master data.
177,src_pl_jogger_brochure_20251217,jogger_extreme_5seat_ecog120_automatic,brochure_technical_data_for,The official model brochure lists five- and seven-seat Jogger variants and gives the corresponding cargo table on page 22. The exact seat count is verified against configuration-level master data.
178,src_pl_jogger_brochure_20251217,jogger_journey_5seat_ecog120_automatic,brochure_technical_data_for,The official model brochure lists five- and seven-seat Jogger variants and gives the corresponding cargo table on page 22. The exact seat count is verified against configuration-level master data.
179,src_pl_jogger_brochure_20251217,jogger_expression_5seat_tce110_manual,brochure_technical_data_for,The official model brochure lists five- and seven-seat Jogger variants and gives the corresponding cargo table on page 22. The exact seat count is verified against configuration-level master data.
180,src_pl_jogger_brochure_20251217,jogger_extreme_5seat_tce110_manual,brochure_technical_data_for,The official model brochure lists five- and seven-seat Jogger variants and gives the corresponding cargo table on page 22. The exact seat count is verified against configuration-level master data.
181,src_pl_jogger_brochure_20251217,jogger_journey_5seat_tce110_manual,brochure_technical_data_for,The official model brochure lists five- and seven-seat Jogger variants and gives the corresponding cargo table on page 22. The exact seat count is verified against configuration-level master data.
182,src_pl_jogger_brochure_20251217,jogger_expression_5seat_hybrid155_automatic,brochure_technical_data_for,The official model brochure lists five- and seven-seat Jogger variants and gives the corresponding cargo table on page 22. The exact seat count is verified against configuration-level master data.
183,src_pl_jogger_brochure_20251217,jogger_extreme_5seat_hybrid155_automatic,brochure_technical_data_for,The official model brochure lists five- and seven-seat Jogger variants and gives the corresponding cargo table on page 22. The exact seat count is verified against configuration-level master data.
184,src_pl_jogger_brochure_20251217,jogger_journey_5seat_hybrid155_automatic,brochure_technical_data_for,The official model brochure lists five- and seven-seat Jogger variants and gives the corresponding cargo table on page 22. The exact seat count is verified against configuration-level master data.
185,src_pl_jogger_brochure_20251217,jogger_essential_7seat_ecog120_manual,brochure_technical_data_for,The official model brochure lists five- and seven-seat Jogger variants and gives the corresponding cargo table on page 22. The exact seat count is verified against configuration-level master data.
186,src_pl_jogger_brochure_20251217,jogger_expression_7seat_ecog120_manual,brochure_technical_data_for,The official model brochure lists five- and seven-seat Jogger variants and gives the corresponding cargo table on page 22. The exact seat count is verified against configuration-level master data.
187,src_pl_jogger_brochure_20251217,jogger_extreme_7seat_ecog120_manual,brochure_technical_data_for,The official model brochure lists five- and seven-seat Jogger variants and gives the corresponding cargo table on page 22. The exact seat count is verified against configuration-level master data.
188,src_pl_jogger_brochure_20251217,jogger_extreme_7seat_ecog120_automatic,brochure_technical_data_for,The official model brochure lists five- and seven-seat Jogger variants and gives the corresponding cargo table on page 22. The exact seat count is verified against configuration-level master data.
189,src_pl_jogger_brochure_20251217,jogger_journey_7seat_ecog120_automatic,brochure_technical_data_for,The official model brochure lists five- and seven-seat Jogger variants and gives the corresponding cargo table on page 22. The exact seat count is verified against configuration-level master data.
190,src_pl_jogger_brochure_20251217,jogger_expression_7seat_tce110_manual,brochure_technical_data_for,The official model brochure lists five- and seven-seat Jogger variants and gives the corresponding cargo table on page 22. The exact seat count is verified against configuration-level master data.
191,src_pl_jogger_brochure_20251217,jogger_extreme_7seat_tce110_manual,brochure_technical_data_for,The official model brochure lists five- and seven-seat Jogger variants and gives the corresponding cargo table on page 22. The exact seat count is verified against configuration-level master data.
192,src_pl_jogger_brochure_20251217,jogger_journey_7seat_tce110_manual,brochure_technical_data_for,The official model brochure lists five- and seven-seat Jogger variants and gives the corresponding cargo table on page 22. The exact seat count is verified against configuration-level master data.
193,src_pl_jogger_brochure_20251217,jogger_expression_7seat_hybrid155_automatic,brochure_technical_data_for,The official model brochure lists five- and seven-seat Jogger variants and gives the corresponding cargo table on page 22. The exact seat count is verified against configuration-level master data.
194,src_pl_jogger_brochure_20251217,jogger_extreme_7seat_hybrid155_automatic,brochure_technical_data_for,The official model brochure lists five- and seven-seat Jogger variants and gives the corresponding cargo table on page 22. The exact seat count is verified against configuration-level master data.
195,src_pl_jogger_brochure_20251217,jogger_journey_7seat_hybrid155_automatic,brochure_technical_data_for,The official model brochure lists five- and seven-seat Jogger variants and gives the corresponding cargo table on page 22. The exact seat count is verified against configuration-level master data.
196,src_pl_bigster_brochure_20251210,bigster_essential_mildhybridg140_4x2_manual,brochure_technical_data_for,The official Bigster brochure page-20 technical table identifies the powertrain-specific cargo column; page-21 equipment notes define the repair-kit and optional spare-wheel boundary used by this import.
197,src_pl_bigster_brochure_20251210,bigster_expression_mildhybridg140_4x2_manual,brochure_technical_data_for,The official Bigster brochure page-20 technical table identifies the powertrain-specific cargo column; page-21 equipment notes define the repair-kit and optional spare-wheel boundary used by this import.
198,src_pl_bigster_brochure_20251210,bigster_extreme_mildhybridg140_4x2_manual,brochure_technical_data_for,The official Bigster brochure page-20 technical table identifies the powertrain-specific cargo column; page-21 equipment notes define the repair-kit and optional spare-wheel boundary used by this import.
199,src_pl_bigster_brochure_20251210,bigster_journey_mildhybridg140_4x2_manual,brochure_technical_data_for,The official Bigster brochure page-20 technical table identifies the powertrain-specific cargo column; page-21 equipment notes define the repair-kit and optional spare-wheel boundary used by this import.
200,src_pl_bigster_brochure_20251210,bigster_essential_mildhybrid140_4x2_manual,brochure_technical_data_for,The official Bigster brochure page-20 technical table identifies the powertrain-specific cargo column; page-21 equipment notes define the repair-kit and optional spare-wheel boundary used by this import.
201,src_pl_bigster_brochure_20251210,bigster_expression_mildhybrid140_4x2_manual,brochure_technical_data_for,The official Bigster brochure page-20 technical table identifies the powertrain-specific cargo column; page-21 equipment notes define the repair-kit and optional spare-wheel boundary used by this import.
202,src_pl_bigster_brochure_20251210,bigster_extreme_mildhybrid140_4x2_manual,brochure_technical_data_for,The official Bigster brochure page-20 technical table identifies the powertrain-specific cargo column; page-21 equipment notes define the repair-kit and optional spare-wheel boundary used by this import.
203,src_pl_bigster_brochure_20251210,bigster_journey_mildhybrid140_4x2_manual,brochure_technical_data_for,The official Bigster brochure page-20 technical table identifies the powertrain-specific cargo column; page-21 equipment notes define the repair-kit and optional spare-wheel boundary used by this import.
204,src_pl_bigster_brochure_20251210,bigster_expression_hybrid155_4x2_automatic,brochure_technical_data_for,The official Bigster brochure page-20 technical table identifies the powertrain-specific cargo column; page-21 equipment notes define the repair-kit and optional spare-wheel boundary used by this import.
205,src_pl_bigster_brochure_20251210,bigster_extreme_hybrid155_4x2_automatic,brochure_technical_data_for,The official Bigster brochure page-20 technical table identifies the powertrain-specific cargo column; page-21 equipment notes define the repair-kit and optional spare-wheel boundary used by this import.
206,src_pl_bigster_brochure_20251210,bigster_journey_hybrid155_4x2_automatic,brochure_technical_data_for,The official Bigster brochure page-20 technical table identifies the powertrain-specific cargo column; page-21 equipment notes define the repair-kit and optional spare-wheel boundary used by this import.
207,src_pl_duster_mini_brochure_20251020,duster_iii_essential_ecog120_4x2_manual,brochure_technical_data_for,The official Duster brochure powertrain-specific technical table documents this exact 4x2 powertrain and its cargo values; equipment context is preserved per observation.
208,src_pl_duster_mini_brochure_20251020,duster_iii_expression_ecog120_4x2_manual,brochure_technical_data_for,The official Duster brochure powertrain-specific technical table documents this exact 4x2 powertrain and its cargo values; equipment context is preserved per observation.
209,src_pl_duster_mini_brochure_20251020,duster_iii_extreme_ecog120_4x2_manual,brochure_technical_data_for,The official Duster brochure powertrain-specific technical table documents this exact 4x2 powertrain and its cargo values; equipment context is preserved per observation.
210,src_pl_duster_mini_brochure_20251020,duster_iii_journey_ecog120_4x2_manual,brochure_technical_data_for,The official Duster brochure powertrain-specific technical table documents this exact 4x2 powertrain and its cargo values; equipment context is preserved per observation.
211,src_pl_duster_mini_brochure_20251020,duster_iii_expression_mildhybrid140_4x2_manual,brochure_technical_data_for,The official Duster brochure powertrain-specific technical table documents this exact 4x2 powertrain and its cargo values; equipment context is preserved per observation.
212,src_pl_duster_mini_brochure_20251020,duster_iii_extreme_mildhybrid140_4x2_manual,brochure_technical_data_for,The official Duster brochure powertrain-specific technical table documents this exact 4x2 powertrain and its cargo values; equipment context is preserved per observation.
213,src_pl_duster_mini_brochure_20251020,duster_iii_journey_mildhybrid140_4x2_manual,brochure_technical_data_for,The official Duster brochure powertrain-specific technical table documents this exact 4x2 powertrain and its cargo values; equipment context is preserved per observation.
214,src_pl_duster_mini_brochure_20251020,duster_iii_expression_hybrid155_4x2_automatic,brochure_technical_data_for,The official Duster brochure powertrain-specific technical table documents this exact 4x2 powertrain and its cargo values; equipment context is preserved per observation.
215,src_pl_duster_mini_brochure_20251020,duster_iii_extreme_hybrid155_4x2_automatic,brochure_technical_data_for,The official Duster brochure powertrain-specific technical table documents this exact 4x2 powertrain and its cargo values; equipment context is preserved per observation.
216,src_pl_duster_mini_brochure_20251020,duster_iii_journey_hybrid155_4x2_automatic,brochure_technical_data_for,The official Duster brochure powertrain-specific technical table documents this exact 4x2 powertrain and its cargo values; equipment context is preserved per observation.
217,src_pl_bigster_brochure_20251210,bigster_expression_hybridg150_4x4_automatic,brochure_technical_data_for,The official Bigster brochure page-20 technical table directly documents the hybrid-G 150 4x4 powertrain and towing masses.
218,src_pl_bigster_brochure_20251210,bigster_extreme_hybridg150_4x4_automatic,brochure_technical_data_for,The official Bigster brochure page-20 technical table directly documents the hybrid-G 150 4x4 powertrain and towing masses.
219,src_pl_bigster_brochure_20251210,bigster_journey_hybridg150_4x4_automatic,brochure_technical_data_for,The official Bigster brochure page-20 technical table directly documents the hybrid-G 150 4x4 powertrain and towing masses.
220,src_pl_sandero_stepway_catalog_tce_slice_20260703,sandero_iii_essential_tce100_manual,documents,Non-empty page-1 price cell in the 2026-07-03 matrix; observations are imported separately.
221,src_pl_sandero_stepway_catalog_tce_slice_20260703,sandero_iii_expression_tce100_manual,documents,Non-empty page-1 price cell in the 2026-07-03 matrix; observations are imported separately.
222,src_pl_sandero_stepway_catalog_tce_slice_20260703,sandero_iii_journey_tce100_manual,documents,Non-empty page-1 price cell in the 2026-07-03 matrix; observations are imported separately.
223,src_pl_sandero_stepway_catalog_tce_slice_20260703,sandero_stepway_iii_essential_tce110_manual,documents,Non-empty page-1 price cell in the 2026-07-03 matrix; observations are imported separately.
224,src_pl_sandero_stepway_catalog_tce_slice_20260703,sandero_stepway_iii_expression_tce110_manual,documents,Non-empty page-1 price cell in the 2026-07-03 matrix; observations are imported separately.
225,src_pl_sandero_stepway_catalog_tce_slice_20260703,sandero_stepway_iii_extreme_tce110_manual,documents,Non-empty page-1 price cell in the 2026-07-03 matrix; observations are imported separately.
226,src_pl_sandero_stepway_catalog_tce_slice_20260703,sandero_iii_expression_ecog120_automatic,documents,Non-empty page-1 price cell in the 2026-07-03 matrix; observations are imported separately.
227,src_pl_sandero_stepway_catalog_tce_slice_20260703,sandero_iii_journey_ecog120_automatic,documents,Non-empty page-1 price cell in the 2026-07-03 matrix; observations are imported separately.
228,src_pl_sandero_catalog_tce_slice_20260202,sandero_iii_essential_tce100_manual,brochure_technical_data_for,"The model-level official brochure lists the represented TCe powertrain and gives model-wide technical, dimension and cargo observations; grade-specific commercial values remain sourced from the 2026-07-03 price list."
229,src_pl_sandero_catalog_tce_slice_20260202,sandero_iii_expression_tce100_manual,brochure_technical_data_for,"The model-level official brochure lists the represented TCe powertrain and gives model-wide technical, dimension and cargo observations; grade-specific commercial values remain sourced from the 2026-07-03 price list."
230,src_pl_sandero_catalog_tce_slice_20260202,sandero_iii_journey_tce100_manual,brochure_technical_data_for,"The model-level official brochure lists the represented TCe powertrain and gives model-wide technical, dimension and cargo observations; grade-specific commercial values remain sourced from the 2026-07-03 price list."
231,src_pl_sandero_stepway_catalog_tce_slice_20260202,sandero_stepway_iii_essential_tce110_manual,brochure_technical_data_for,"The model-level official brochure lists the represented TCe powertrain and gives model-wide technical, dimension and cargo observations; grade-specific commercial values remain sourced from the 2026-07-03 price list."
232,src_pl_sandero_stepway_catalog_tce_slice_20260202,sandero_stepway_iii_expression_tce110_manual,brochure_technical_data_for,"The model-level official brochure lists the represented TCe powertrain and gives model-wide technical, dimension and cargo observations; grade-specific commercial values remain sourced from the 2026-07-03 price list."
233,src_pl_sandero_stepway_catalog_tce_slice_20260202,sandero_stepway_iii_extreme_tce110_manual,brochure_technical_data_for,"The model-level official brochure lists the represented TCe powertrain and gives model-wide technical, dimension and cargo observations; grade-specific commercial values remain sourced from the 2026-07-03 price list."
234,src_pl_sandero_stepway_catalog_tce_slice_20260703,sandero_iii_expression_ecog120_manual,documents,Non-empty page-1 price cell in the 2026-07-03 matrix; observations are imported separately.
235,src_pl_sandero_stepway_catalog_tce_slice_20260703,sandero_iii_journey_ecog120_manual,documents,Non-empty page-1 price cell in the 2026-07-03 matrix; observations are imported separately.
236,src_pl_sandero_stepway_catalog_tce_slice_20260703,sandero_stepway_iii_essential_ecog120_manual,documents,Non-empty page-1 price cell in the 2026-07-03 matrix; observations are imported separately.
237,src_pl_sandero_stepway_catalog_tce_slice_20260703,sandero_stepway_iii_expression_ecog120_manual,documents,Non-empty page-1 price cell in the 2026-07-03 matrix; observations are imported separately.
238,src_pl_sandero_stepway_catalog_tce_slice_20260703,sandero_stepway_iii_expression_ecog120_automatic,documents,Non-empty page-1 price cell in the 2026-07-03 matrix; observations are imported separately.
239,src_pl_sandero_stepway_catalog_tce_slice_20260703,sandero_stepway_iii_extreme_ecog120_manual,documents,Non-empty page-1 price cell in the 2026-07-03 matrix; observations are imported separately.
240,src_pl_sandero_stepway_catalog_tce_slice_20260703,sandero_stepway_iii_extreme_ecog120_automatic,documents,Non-empty page-1 price cell in the 2026-07-03 matrix; observations are imported separately.
241,src_pl_sandero_brochure_20260202,sandero_iii_essential_tce100_manual,brochure_technical_data_for,The model-level official brochure explicitly lists the represented 100 TCe powertrain and engine-speed rows on page 17.
242,src_pl_sandero_brochure_20260202,sandero_iii_expression_tce100_manual,brochure_technical_data_for,The model-level official brochure explicitly lists the represented 100 TCe powertrain and engine-speed rows on page 17.
243,src_pl_sandero_brochure_20260202,sandero_iii_journey_tce100_manual,brochure_technical_data_for,The model-level official brochure explicitly lists the represented 100 TCe powertrain and engine-speed rows on page 17.
244,src_pl_spring_official_configurator_20260731,spring_essential_electric70_automatic,documents,Exact official grade and powertrain state observed 2026-07-31.
245,src_pl_spring_official_configurator_20260731,spring_expression_electric70_automatic,documents,Exact official grade and powertrain state observed 2026-07-31; current price remains unresolved.
246,src_pl_spring_price_my25_stock_20260708,spring_expression_electric70_automatic,documents,Explicit Expression Electric 70 catalogue cell bounded to model-year-2025 dealer stock.
247,src_pl_spring_official_configurator_20260731,spring_extreme_electric100_automatic,documents,Exact official Extreme Electric 100 automatic state and catalogue price observed 2026-07-31.
