id,code,source_type,title,publisher,market,document_date,external_reference,file_path,sha256,status,notes
1,src_pl_sandero_expression_ecog120_mt_20260626,configuration_pdf,NOWE SANDERO expression Eco-G 120 f.2,Dacia,PL,2026-06-26,5QML4L,PDF/Cenniki/NOWE SANDERO expression Eco-G 120 f.pdf,82a8853d90b492e48595ff33db73632dc309b8a12d08d11dd3c259fca4eaff68,active,
2,src_pl_sandero_journey_ecog120_mt_20260626,configuration_pdf,NOWE SANDERO journey Eco-G 120 f.2,Dacia,PL,2026-06-26,KD1UPF,PDF/Cenniki/NOWE SANDERO journey Eco-G 120 f.pdf,7ab1526e7bc2a72ff2b179f30cd0c8c223633f1100d31aa7dd80594325b302a3,active,
3,src_pl_sandero_stepway_essential_ecog120_mt_20260626,configuration_pdf,NOWE SANDERO STEPWAY essential stepway Eco-G 120 f.2,Dacia,PL,2026-06-26,VBMH3M,PDF/Cenniki/NOWE SANDERO STEPWAY essential stepway Eco-G 120 f.pdf,14dbd68fc58d63bc81595f64784e37089ef25ed0103e2a74768477e602b29ea1,active,
4,src_pl_sandero_stepway_expression_ecog120_at_20260626,configuration_pdf,NOWE SANDERO STEPWAY expression stepway Eco-G 120 auto f.2,Dacia,PL,2026-06-26,JA1EKI,PDF/Cenniki/NOWE SANDERO STEPWAY expression stepway Eco-G 120 auto f.pdf,385409e33a0932e48cbd901b5805f873831ec005c6451cd6ed1623a06fa15667,active,
5,src_pl_sandero_stepway_expression_ecog120_mt_20260626,configuration_pdf,NOWE SANDERO STEPWAY expression stepway Eco-G 120 f.2,Dacia,PL,2026-06-26,VH30BG,PDF/Cenniki/NOWE SANDERO STEPWAY expression stepway Eco-G 120 f.pdf,7cbca5f16e74c5bce10cdf1d099573b6ace40e905d79325676fdd5753d14f130,active,
6,src_pl_sandero_stepway_extreme_ecog120_at_20260626,configuration_pdf,NOWE SANDERO STEPWAY extreme stepway Eco-G 120 auto f.2,Dacia,PL,2026-06-26,MWF2W6,PDF/Cenniki/NOWE SANDERO STEPWAY extreme stepway Eco-G 120 auto f.pdf,a519c2002231cd28f92999c2d8af76fb5c58e6129ac6d5521c6436e471349aff,active,
7,src_pl_sandero_stepway_extreme_ecog120_mt_20260626,configuration_pdf,NOWE SANDERO STEPWAY extreme stepway Eco-G 120 f.2,Dacia,PL,2026-06-26,IXU1ZL,PDF/Cenniki/NOWE SANDERO STEPWAY extreme stepway Eco-G 120 f.pdf,fe7e4012bce170eceecb993af473e6eebb8c1d5c10b33f3edfc222e59c80a115,active,
8,src_pl_duster_price_my26_py25_20260206,configuration_pdf,DACIA DUSTER cennik MY26 PY25,Dacia,PL,2026-02-06,b281a995a9,PDF/Cenniki/DACIA DUSTER cennik MY26 PY25.pdf,f6126fd4546031c643248b0e19639aa5736e54f8088567460681c938be3932b7,active,
9,src_pl_jogger_price_my26_20260401,configuration_pdf,DACIA JOGGER cennik MY26,Dacia,PL,2026-04-01,a03bb2de2c,PDF/Cenniki/DACIA JOGGER cennik MY26 20260401.pdf,a03bb2de2cdadd51223e7d1a50aee898729172f39953bf2bfc946613d6e30d7b,active,"Official Polish Jogger MY26 price list supplied by the project owner; original SHA-256 verified, repository binary archive pending."
10,src_pl_sandero_stepway_price_my26_20260703,configuration_pdf,DACIA SANDERO I SANDERO STEPWAY cennik MY26,Dacia,PL,2026-07-03,https://cdn.group.renault.com/dac/pl/pdf/cenniki/sandero-stepway-price.pdf.asset.pdf/bd9f9519ce.pdf,PDF/Cenniki/DACIA SANDERO I SANDERO STEPWAY cennik MY26 20260703.pdf,5af2dbaf268480ec1e7e6d6e35fd2037b6fba3fb79972026e4f68c08055ba783,active,"Official Polish MY26 price list effective from 2026-07-03. Catalogue prices, equipment matrix, individual options, packages COMFORT, THERMO, ZIMOWY, MEDIA NAV LIVE and EASY, plus technical data."
11,src_pl_duster_price_my26_20260703,configuration_pdf,DACIA DUSTER cennik MY26,Dacia,PL,2026-07-03,https://cdn.group.renault.com/dac/pl/pdf/cenniki/duster-price.pdf.asset.pdf/73baf27ec0.pdf,PDF/Cenniki/DACIA DUSTER cennik MY26 20260703.pdf,40bb4f3db9019c500fcb4c759f5ad395aa3b35a68bb22aa74f031fefe09727f2,active,"Official Polish MY26 price list effective from 2026-07-03. Catalogue prices, equipment matrix, individual options, packages ZIMOWY, ZIMOWY PLUS, PARKING and TECHNO 1, plus technical data."
12,src_pl_jogger_price_my26_20260703,configuration_pdf,DACIA JOGGER cennik MY26,Dacia,PL,2026-07-03,https://cdn.group.renault.com/dac/pl/pdf/cenniki/jogger-price.pdf.asset.pdf/51a64d2724.pdf,PDF/Cenniki/DACIA JOGGER cennik MY26 20260703.pdf,92606411c4d8c10dd830b0d1c387fe663c4c9618422c5db639c13a23138f4a87,active,"Official Polish MY26 price list effective from 2026-07-03. Catalogue prices for five- and seven-seat variants, equipment matrix, individual options and packages KOMFORT HEV, KOMFORT, ZIMOWY and DRIVE."
13,src_pl_bigster_price_my26_20260703,configuration_pdf,DACIA BIGSTER cennik MY26,Dacia,PL,2026-07-03,https://cdn.group.renault.com/dac/pl/pdf/cenniki/bigster-price.pdf.asset.pdf/5edf29d32f.pdf,PDF/Cenniki/DACIA BIGSTER cennik MY26 20260703.pdf,9528654fb3daf3767a2defbbc80e8a85abceecb11e04bb176aa0b76443be178a,active,"Official Polish MY26 price list effective from 2026-07-03. Catalogue prices, equipment matrix, individual options and packages EASY, PARKING, ZIMOWY and ZIMOWY PLUS, plus technical data. Version and configuration catalogue foundation modeled from explicit price-matrix cells."
14,src_pl_dacia_official_configurators_20260723,web_snapshot,Dacia Polska official configurators — dated normalized observation,Dacia,PL,2026-07-23,https://www.dacia.pl/konfiguruj.html,project/sources/dacia-pl-configurators-20260723.json,3e3b6c573c52bc3dc3de74fa4d2d946db3aa397a492f5858db478acdb9f17a22,active,"Dynamic official configurator intake. Dated normalized observations only; option applicability must be proven per version, powertrain and gearbox before master-data import."
15,src_pl_sandero_stepway_official_web_configurations_20260723,web_snapshot,Dacia Polska Sandero Stepway official version/configurator observations,Dacia,PL,2026-07-23,https://www.dacia.pl/samochody/sandero-stepway-crossover/konfigurator.html,project/sources/dacia-pl-sandero-stepway-configurations-20260723.json,dd236991cba2f14f2b49e43cddbcf643741e6609dd5c2f4dbb0bb6e9dbf98ed3,active,Dated dynamic official-web observation. Exact configuration prices and source-visible version highlights only; unproven option applicability remains unimported.
16,src_pl_sandero_official_web_configurations_20260723,web_snapshot,Dacia Polska Sandero official version/configurator observations,Dacia,PL,2026-07-23,https://www.dacia.pl/samochody/sandero-miejskie/konfigurator.html,project/sources/dacia-pl-sandero-configurations-20260723.json,e02eb11d31cf7dc00bc29eb112d3b59c33e0fb08cab31c375410add981599f68,active,Dated dynamic official-web observation. Exact Eco-G configuration prices and source-visible version highlights only; unproven package and option applicability remains unimported.
17,src_pl_cross_model_option_coverage_20260724,web_snapshot,Dacia Polska cross-model factory option coverage observations,Dacia,PL,2026-07-24,https://www.dacia.pl/,project/sources/dacia-pl-cross-model-option-coverage-20260724.json,283dcb96119804f6f100ba3d7c93d968f862aa06667a681198cb7bb77e24cf63,active,"Dated normalized snapshot of official grade-specific equipment pages. Factory shark-fin antenna and power-folding mirror evidence only; accessories, unproven Duster states and broadened package mappings are excluded."
18,src_pl_duster_ecog120_automatic_stock_20260724,web_snapshot,Dacia Polska exact Duster Eco-G 120 automatic stock cards,Dacia,PL,2026-07-24,https://kup.dacia.pl/,project/sources/dacia-pl-duster-ecog120-automatic-stock-20260724.json,a25c2244699b463343879fb1d1fa995793666d3e5619da2021acd81404688e98,active,"Normalized snapshot of three exact official 2026 stock cards. Dynamic URLs may later expire or redirect; promotional prices, ambiguous Expression mirror state and unmentioned antenna states are explicit non-imports."
19,src_pl_duster_ecog120_automatic_engine_20260724,web_snapshot,Dacia Polska Duster Eco-G 120 automatic intrinsic engine data,Dacia,PL,2026-07-24,https://www.dacia.pl/hybrydy-i-elektryczne/duster-suv/silniki.html,project/sources/dacia-pl-duster-ecog120-automatic-engine-20260724.json,9914402753c100f9a9ecb65c01bf454d90d6f18d6e09df00b74342377cba9ebc,active,"Official dynamic engine and technical-page snapshot. Only 1199 cm3, three cylinders and 12 valves are imported; manual towing, cargo, WLTP and performance values remain explicit non-imports for automatic configurations."
20,src_pl_duster_exact_stock_equipment_20260724,web_snapshot,Dacia Polska exact Duster Eco-G 120 automatic stock equipment cards,Dacia,PL,2026-07-24,https://kup.dacia.pl/,project/sources/dacia-pl-duster-exact-stock-equipment-20260724.json,e4428bcee5f7f1fe6bb9ae6152852667f552f9abee0c09b7215bd4c8fc3f050a,active,"Normalized snapshot of exact Expression, Extreme and Journey automatic stock equipment, selected packages, expired-card evidence and explicit non-import boundaries."
21,src_pl_duster_ecog120_automatic_wltp_20260725,web_snapshot,Dacia Poland exact Duster Eco-G 120 automatic WLTP cards,Dacia,PL,2026-07-25,https://www.dacia.pl/katalog-nci/,project/sources/dacia-pl-duster-ecog120-automatic-wltp-20260725.json,9fb6f9ec816ab8ddc813b4ab53c09394454c420bc01866db0b17d027faf126e7,active,"Exact Polish Expression, Extreme and Journey Eco-G 120 auto stock pages; LPG WLTP CO2 and source-stated fuel-tank capacity only."
22,src_ro_duster_ecog120_automatic_homologation_20260725,web_snapshot,Dacia Romania exact Duster Eco-G 120 automatic homologation cards,Dacia,RO,2026-07-25,https://vanzari.dacia.ro/,project/sources/dacia-ro-duster-ecog120-automatic-homologation-20260725.json,045bf18bc8ed2dee6ee86692e8fb7cf9a3005e6cf389c3b743376f7abe96d75d,active,"Exact 2026 Expression, Extreme and Journey ECO-G 120 auto 2WD stock pages; automatic-specific power, torque, performance, mass, towing and consumption evidence. Cargo volume remains an explicit non-import."
23,src_pl_bigster_brochure_20251210,brochure_pdf,DACIA BIGSTER broszura,Dacia,PL,2025-12-10,https://cdn.group.renault.com/dac/pl/pdf/broszury/bigster-brochure.pdf.asset.pdf/5f71268df9.pdf,PDF/Broszury/DACIA BIGSTER broszura 20251210.pdf,76795d4ea524172a324fd44b6a630ffbb14be9d151df8c95de79a8dd4e6aed74,active,Official Polish Bigster brochure published 2025-12-10. Source registration only; technical observations require separate context-preserving imports.
24,src_pl_jogger_brochure_20251217,brochure_pdf,DACIA JOGGER broszura,Dacia,PL,2025-12-17,https://cdn.group.renault.com/dac/pl/pdf/broszury/jogger-brochure.pdf.asset.pdf/6b1235f90d.pdf,PDF/Broszury/DACIA JOGGER broszura 20251217.pdf,eb4d44436c314d7e38d018af68e7475f03122a27f1e3f30e768f60432d338dd6,active,"Official Polish Jogger brochure published 2025-12-17. Source registration only; seat-layout, seat-state and measurement-basis context must be preserved."
25,src_pl_sandero_brochure_20260202,brochure_pdf,DACIA SANDERO broszura,Dacia,PL,2026-02-02,https://cdn.group.renault.com/dac/pl/pdf/broszury/sandero-brochure.pdf.asset.pdf/b83cd5df5f.pdf,PDF/Broszury/DACIA SANDERO broszura 20260202.pdf,adee5017a405a22dffaca0555b47b84b718f2166534652c9863ba2f97f325f97,active,Official Polish Sandero brochure published 2026-02-02. Source registration only; gear-specific elasticity and cargo measurement contexts remain deferred.
26,src_pl_sandero_stepway_brochure_20260202,brochure_pdf,DACIA SANDERO STEPWAY broszura,Dacia,PL,2026-02-02,https://cdn.group.renault.com/dac/pl/pdf/broszury/sandero-stepway-brochure.pdf.asset.pdf/e154a3e830.pdf,PDF/Broszury/DACIA SANDERO STEPWAY broszura 20260202.pdf,800e6e6df78e55e9fd3ac270dd5df26447c82830c92ced112ee83c3b44595d48,active,Official Polish Sandero Stepway brochure published 2026-02-02. Source registration only; gear-specific elasticity and multi-basis cargo values remain deferred.
27,src_pl_duster_mini_brochure_20251020,brochure_pdf,DACIA DUSTER mini broszura,Dacia,PL,2025-10-20,https://cdn.group.renault.com/dac/pl/pdf/mini-broszury/new-duster-mini-brochure_2024.pdf.asset.pdf/b2659c32d0.pdf,PDF/Broszury/DACIA DUSTER mini broszura 20251020.pdf,84040b64bd67391cce4a99ada3021b0ad1a493f9430a666783e4632dd6ce85e8,active,Official Polish Duster mini brochure published 2025-10-20. Its Eco-G 120 technical table describes the manual powertrain and must not populate automatic configurations.
28,src_pl_sandero_stepway_catalog_tce_slice_20260703,normalized_snapshot,Sandero and Stepway MY26 TCe catalogue slice,Dacia,PL,2026-07-03,https://cdn.group.renault.com/dac/pl/pdf/cenniki/sandero-stepway-price.pdf.asset.pdf/bd9f9519ce.pdf,project/sources/sandero_stepway_catalog_tce_slice_20260703.json,1e79dd91ceced2565297377b7e158c473a78b4cafc3a8c64e44bc8d899a73725,active,Versioned source slice of src_pl_sandero_stepway_price_my26_20260703; the raw official file remains canonical and hash-verified.
29,src_pl_sandero_catalog_tce_slice_20260202,normalized_snapshot,Sandero TCe 100 brochure technical slice,Dacia,PL,2026-02-02,https://cdn.group.renault.com/dac/pl/pdf/broszury/sandero-brochure.pdf.asset.pdf/b83cd5df5f.pdf,project/sources/sandero_catalog_tce_slice_20260202.json,bc119246089e68bce49e4f8e7ad45b148ef54e378e1e690f3ce6fd10088f3387,active,Versioned source slice of src_pl_sandero_brochure_20260202; the raw official file remains canonical and hash-verified.
30,src_pl_sandero_stepway_catalog_tce_slice_20260202,normalized_snapshot,Sandero Stepway TCe 110 brochure technical slice,Dacia,PL,2026-02-02,https://cdn.group.renault.com/dac/pl/pdf/broszury/sandero-stepway-brochure.pdf.asset.pdf/e154a3e830.pdf,project/sources/sandero_stepway_catalog_tce_slice_20260202.json,9fc871a19d352aeb628845192fc7f1fb56cc2769ee87249e3de8ef79852aa6ab,active,Versioned source slice of src_pl_sandero_stepway_brochure_20260202; the raw official file remains canonical and hash-verified.
31,src_pl_spring_brochure_20260219,brochure_pdf,DACIA SPRING broszura,Dacia,PL,2026-02-19,https://cdn.group.renault.com/dac/pl/pdf/broszury/new-spring-brochure.pdf.asset.pdf/acdd19cd55.pdf,PDF/Broszury/DACIA SPRING broszura 20260219.pdf,73a4c568ce273bc095f6ecf1cfa4f5f2a92324bb2f0bbc171ba45bb4a4cf3c8d,active,"Official Polish Spring model-range brochure published 2026-02-19. Source registration only; grade, cargo, powertrain and technical footnote applicability must be preserved before any observation import."
32,src_pl_spring_price_my25_stock_20260708,configuration_pdf,DACIA SPRING cennik MY25 stock,Dacia,PL,2026-07-08,https://cdn.group.renault.com/dac/pl/pdf/cenniki/spring-price-2025.pdf.asset.pdf/11eef439c3.pdf,PDF/Cenniki/DACIA SPRING cennik MY25 stock 20260708.pdf,809d24ec3710aac02b3f3a2f33e1872689430a1d6887f387936a5ac3ff343ae0,active,Official Polish Spring model-year-2025 stock price list effective 2026-07-08. Catalogue and promotional prices are bounded to dealer inventory; registration does not import observations or generalize states to MY26.
33,src_pl_spring_official_configurator_20260731,web_snapshot,Dacia Polska Spring official configurator and version observations,Dacia,PL,2026-07-31,https://www.dacia.pl/hybrydy-i-elektryczne/spring-miejski/konfigurator.html,project/sources/dacia-pl-spring-configurator-20260731.json,9b90aa2a2f81f1bc81509f04d3705887e8bd74af595f69a3e830c85c35b0601b,active,Dated exact Spring grade and powertrain observations. Essential 70 and Extreme 100 prices are accepted from exact states; the repeated Expression price remains unresolved and no observations are imported in the registration package.
34,src_pl_spring_commercial_context_20260802,normalized_snapshot,Dacia Polska Spring commercial context review,Dacia,PL,2026-08-02,https://www.dacia.pl/hybrydy-i-elektryczne/spring-miejski/konfigurator.html,project/sources/dacia-pl-spring-commercial-context-20260802.json,2ce609341d6e80bd16c670000e8571a4e114adbdcfea270164de8a6a2b60ed8f,active,"Bounded normalized review of exact-current Spring commercial context. Only the Essential Lichen Khaki 2300 PLN option price is imported; Type 2, standard-paint, Expression, Extreme-palette and home-cable semantic cases remain excluded."
35,src_pl_dacia_official_configurator_coverage_20260802,web_snapshot,Dacia Polska official configurator coverage reconciliation,Dacia,PL,2026-08-02,https://www.dacia.pl/konfiguruj.html,project/sources/dacia-pl-official-configurator-coverage-20260802.json,a40919c21f0c78187db014483c789c6d84864953a21536583bf4f34fbd6211fc,active,Dated cross-model official configurator inventory. Six active model families and seven primary surfaces; exact-state dimensions and opaque conf-link boundaries are preserved. Registration authorizes no configuration or commercial import.
36,src_pl_spring_saved_configurations_20260802,normalized_snapshot,Dacia Polska Spring exact saved configurations — Expression 70 and Extreme 100,Dacia,PL,2026-08-02,7OO7LQ;WKAWYV,project/sources/dacia-pl-spring-saved-configurations-20260802.json,f000739a2e19476ac8f45679fdc6f09e55a17018771fbe8764f4c45e9bbf40c6,active,"Normalized exact-state snapshot of two official saved-configuration PDFs supplied by the project owner. Original binary files are hash-verified but not archived by the current GitHub connector; Type 2 is standard in Expression and Extreme, while Expression home-cable availability remains unresolved."
37,src_pl_sandero_stepway_exact_configurator_states_20260809,web_snapshot,Dacia Polska exact Sandero and Sandero Stepway configurator states,Dacia,PL,2026-08-09,https://www.dacia.pl/samochody/sandero-miejskie/konfigurator.html;https://www.dacia.pl/samochody/sandero-stepway-crossover/konfigurator.html,project/sources/dacia-pl-sandero-stepway-exact-configurator-states-20260809.json,9f8779f5478fef02537e39793ac67a6ce07876d137b80f3cc77cf38293dd0991,active,Interactive exact-state capture of all 15 current Sandero and Sandero Stepway grade and engine/transmission surfaces. Choices and priced factory options remain configuration-bounded.
38,src_pl_sandero_stepway_full_modal_20260809,web_snapshot,Dacia Polska Sandero and Sandero Stepway full technical and standard-equipment modals,Dacia,PL,2026-08-09,https://www.dacia.pl/,project/sources/dacia-pl-sandero-stepway-full-technical-standard-equipment-20260809.json,f03ad3d2f7fa17fb45f53082f72f7e01cbca050268fc7e90356345d3de5452aa,active,Exact configuration-bounded full-modal snapshot; only deterministic literal equipment mappings and simple scalar technical observations are normalized.
39,src_pl_cfgpdf_bigster_essential_mildhybrid140_4x2_manual_20260809,configuration_pdf,Dacia configurator bigster_essential_mildhybrid140_4x2_manual — essential mild hybrid 140,Dacia,PL,2026-08-09,TJWZTD,PDF/Konfiguratory/2026-08-09/bigster/bigster_essential_mildhybrid140_4x2_manual.pdf,613611e69c94e38a770400750fe4bba7b7b29c6ee95bff0002d3df63fe63a5ed,active,"Native PDF generated by the official current Dacia Poland configurator; binary archived unchanged, file renamed only to the canonical configuration code."
40,src_pl_cfgpdf_bigster_essential_mildhybridg140_4x2_manual_20260809,configuration_pdf,Dacia configurator bigster_essential_mildhybridg140_4x2_manual — essential mild hybrid-G 140,Dacia,PL,2026-08-09,7GQ8LF,PDF/Konfiguratory/2026-08-09/bigster/bigster_essential_mildhybridg140_4x2_manual.pdf,50648dcfa568750c0143b1b64a0f48e5bd37ad1ff73811bf69760f1784548a0c,active,"Native PDF generated by the official current Dacia Poland configurator; binary archived unchanged, file renamed only to the canonical configuration code."
41,src_pl_cfgpdf_bigster_expression_hybrid155_4x2_automatic_20260809,configuration_pdf,Dacia configurator bigster_expression_hybrid155_4x2_automatic — expression HYBRID 155,Dacia,PL,2026-08-09,LH0JUN,PDF/Konfiguratory/2026-08-09/bigster/bigster_expression_hybrid155_4x2_automatic.pdf,b3283f254d8963360124f54e33a87bb95feaa1a9c0a0b2dc71bfd8d8442f4baf,active,"Native PDF generated by the official current Dacia Poland configurator; binary archived unchanged, file renamed only to the canonical configuration code."
42,src_pl_cfgpdf_bigster_expression_hybridg150_4x4_automatic_20260809,configuration_pdf,Dacia configurator bigster_expression_hybridg150_4x4_automatic — expression hybrid-G 150 4x4,Dacia,PL,2026-08-09,AOPWOQ,PDF/Konfiguratory/2026-08-09/bigster/bigster_expression_hybridg150_4x4_automatic.pdf,e1696cb393509911185f4629c54750f60d749c5ebadfbe27850de0f19502eff2,active,"Native PDF generated by the official current Dacia Poland configurator; binary archived unchanged, file renamed only to the canonical configuration code."
43,src_pl_cfgpdf_bigster_expression_mildhybrid140_4x2_manual_20260809,configuration_pdf,Dacia configurator bigster_expression_mildhybrid140_4x2_manual — expression mild hybrid 140,Dacia,PL,2026-08-09,EKYBXV,PDF/Konfiguratory/2026-08-09/bigster/bigster_expression_mildhybrid140_4x2_manual.pdf,c4ffd2e1bf5ac32dce150e0265eb1524e02818e0b5403745fb18409efc76d882,active,"Native PDF generated by the official current Dacia Poland configurator; binary archived unchanged, file renamed only to the canonical configuration code."
44,src_pl_cfgpdf_bigster_expression_mildhybridg140_4x2_manual_20260809,configuration_pdf,Dacia configurator bigster_expression_mildhybridg140_4x2_manual — expression mild hybrid-G 140,Dacia,PL,2026-08-09,EOJHK7,PDF/Konfiguratory/2026-08-09/bigster/bigster_expression_mildhybridg140_4x2_manual.pdf,9587f7d1c58112843ed385796c2d9ae1715704bcee47909a618892fd55132d07,active,"Native PDF generated by the official current Dacia Poland configurator; binary archived unchanged, file renamed only to the canonical configuration code."
45,src_pl_cfgpdf_bigster_extreme_hybrid155_4x2_automatic_20260809,configuration_pdf,Dacia configurator bigster_extreme_hybrid155_4x2_automatic — extreme HYBRID 155,Dacia,PL,2026-08-09,MJJMBK,PDF/Konfiguratory/2026-08-09/bigster/bigster_extreme_hybrid155_4x2_automatic.pdf,a8af3bd4e3d591d160397b02bc91807230f154b70b118eebbc37cdb9a38f4516,active,"Native PDF generated by the official current Dacia Poland configurator; binary archived unchanged, file renamed only to the canonical configuration code."
46,src_pl_cfgpdf_bigster_extreme_hybridg150_4x4_automatic_20260809,configuration_pdf,Dacia configurator bigster_extreme_hybridg150_4x4_automatic — extreme hybrid-G 150 4x4,Dacia,PL,2026-08-09,N0GYTD,PDF/Konfiguratory/2026-08-09/bigster/bigster_extreme_hybridg150_4x4_automatic.pdf,902a315a94f39bb4f84bca009de3aadd928e951106fbdfd6f4f3a1bff3bb390b,active,"Native PDF generated by the official current Dacia Poland configurator; binary archived unchanged, file renamed only to the canonical configuration code."
47,src_pl_cfgpdf_bigster_extreme_mildhybrid140_4x2_manual_20260809,configuration_pdf,Dacia configurator bigster_extreme_mildhybrid140_4x2_manual — extreme mild hybrid 140,Dacia,PL,2026-08-09,VZNRGD,PDF/Konfiguratory/2026-08-09/bigster/bigster_extreme_mildhybrid140_4x2_manual.pdf,e19d4bc505389c872f91f18bfc3a7083edaa02f52a1fbdcf0ea5095a7f056f84,active,"Native PDF generated by the official current Dacia Poland configurator; binary archived unchanged, file renamed only to the canonical configuration code."
48,src_pl_cfgpdf_bigster_extreme_mildhybridg140_4x2_manual_20260809,configuration_pdf,Dacia configurator bigster_extreme_mildhybridg140_4x2_manual — extreme mild hybrid-G 140,Dacia,PL,2026-08-09,OPM92R,PDF/Konfiguratory/2026-08-09/bigster/bigster_extreme_mildhybridg140_4x2_manual.pdf,b42bbf34d358d48f7655a270eeeb169f1c5c5d53065f21d2d519f6003b4786e6,active,"Native PDF generated by the official current Dacia Poland configurator; binary archived unchanged, file renamed only to the canonical configuration code."
49,src_pl_cfgpdf_bigster_journey_hybrid155_4x2_automatic_20260809,configuration_pdf,Dacia configurator bigster_journey_hybrid155_4x2_automatic — journey HYBRID 155,Dacia,PL,2026-08-09,UEU10R,PDF/Konfiguratory/2026-08-09/bigster/bigster_journey_hybrid155_4x2_automatic.pdf,c94c0ebdea33668046d01e5c6910be2019dc7507eb1b4b4c46043dec051b793c,active,"Native PDF generated by the official current Dacia Poland configurator; binary archived unchanged, file renamed only to the canonical configuration code."
50,src_pl_cfgpdf_bigster_journey_hybridg150_4x4_automatic_20260809,configuration_pdf,Dacia configurator bigster_journey_hybridg150_4x4_automatic — journey hybrid-G 150 4x4,Dacia,PL,2026-08-09,KR8ING,PDF/Konfiguratory/2026-08-09/bigster/bigster_journey_hybridg150_4x4_automatic.pdf,b2482261065f5c4a8489d6b687a2c822a4c4ece633bbb5a432fc9c6ea4d31085,active,"Native PDF generated by the official current Dacia Poland configurator; binary archived unchanged, file renamed only to the canonical configuration code."
51,src_pl_cfgpdf_bigster_journey_mildhybrid140_4x2_manual_20260809,configuration_pdf,Dacia configurator bigster_journey_mildhybrid140_4x2_manual — journey mild hybrid 140,Dacia,PL,2026-08-09,A8SNNA,PDF/Konfiguratory/2026-08-09/bigster/bigster_journey_mildhybrid140_4x2_manual.pdf,c7788675b921c1ef7841c8883bd2ed18813695a7860294971308c8a6db1d0fce,active,"Native PDF generated by the official current Dacia Poland configurator; binary archived unchanged, file renamed only to the canonical configuration code."
52,src_pl_cfgpdf_bigster_journey_mildhybridg140_4x2_manual_20260809,configuration_pdf,Dacia configurator bigster_journey_mildhybridg140_4x2_manual — journey mild hybrid-G 140,Dacia,PL,2026-08-09,7KDHXJ,PDF/Konfiguratory/2026-08-09/bigster/bigster_journey_mildhybridg140_4x2_manual.pdf,30c8e0ba39532e33cb739e30603e35c215ac394a0dff99b592986c5ba926cc83,active,"Native PDF generated by the official current Dacia Poland configurator; binary archived unchanged, file renamed only to the canonical configuration code."
53,src_pl_cfgpdf_duster_iii_essential_ecog120_4x2_manual_20260809,configuration_pdf,Dacia configurator duster_iii_essential_ecog120_4x2_manual — essential Eco-G 120,Dacia,PL,2026-08-09,CBF3TU,PDF/Konfiguratory/2026-08-09/duster/duster_iii_essential_ecog120_4x2_manual.pdf,a6831073bad0b3bb2d72f76a7bfcaf628719ff1216790d5149e61d4c5c91f4c8,active,"Native PDF generated by the official current Dacia Poland configurator; binary archived unchanged, file renamed only to the canonical configuration code."
54,src_pl_cfgpdf_duster_iii_expression_ecog120_4x2_automatic_20260809,configuration_pdf,Dacia configurator duster_iii_expression_ecog120_4x2_automatic — expression Eco-G 120 auto,Dacia,PL,2026-08-09,VTXDMC,PDF/Konfiguratory/2026-08-09/duster/duster_iii_expression_ecog120_4x2_automatic.pdf,3395df2662078f8de5677e99181a7f63e7b60558ce6f8bac5a5b4b1b2e1a21bc,active,"Native PDF generated by the official current Dacia Poland configurator; binary archived unchanged, file renamed only to the canonical configuration code."
55,src_pl_cfgpdf_duster_iii_expression_ecog120_4x2_manual_20260809,configuration_pdf,Dacia configurator duster_iii_expression_ecog120_4x2_manual — expression Eco-G 120,Dacia,PL,2026-08-09,F8IUOD,PDF/Konfiguratory/2026-08-09/duster/duster_iii_expression_ecog120_4x2_manual.pdf,1bd8764c650565a508da5d981921d53f3f78a86c5e82341058cb651467b34568,active,"Native PDF generated by the official current Dacia Poland configurator; binary archived unchanged, file renamed only to the canonical configuration code."
56,src_pl_cfgpdf_duster_iii_expression_hybrid155_4x2_automatic_20260809,configuration_pdf,Dacia configurator duster_iii_expression_hybrid155_4x2_automatic — expression hybrid 155,Dacia,PL,2026-08-09,HJAIOT,PDF/Konfiguratory/2026-08-09/duster/duster_iii_expression_hybrid155_4x2_automatic.pdf,6965e344247b3f260005eb1ffa42a3742e94f34e3983b821f1e375f4d4795bc8,active,"Native PDF generated by the official current Dacia Poland configurator; binary archived unchanged, file renamed only to the canonical configuration code."
57,src_pl_cfgpdf_duster_iii_expression_hybridg150_4x4_automatic_20260809,configuration_pdf,Dacia configurator duster_iii_expression_hybridg150_4x4_automatic — expression hybrid-G 150 4x4,Dacia,PL,2026-08-09,HRQFCW,PDF/Konfiguratory/2026-08-09/duster/duster_iii_expression_hybridg150_4x4_automatic.pdf,0357986bd3fd642e70730b0c996c741404487f8504a987f5fb91bd3280b1c1d6,active,"Native PDF generated by the official current Dacia Poland configurator; binary archived unchanged, file renamed only to the canonical configuration code."
58,src_pl_cfgpdf_duster_iii_expression_mildhybrid140_4x2_manual_20260809,configuration_pdf,Dacia configurator duster_iii_expression_mildhybrid140_4x2_manual — expression mild hybrid 140,Dacia,PL,2026-08-09,TY5WZC,PDF/Konfiguratory/2026-08-09/duster/duster_iii_expression_mildhybrid140_4x2_manual.pdf,b39e2144137e8d9a8bb0ff8cf79c7adaed5d5c839d639f0e7c852b2b5a3bb113,active,"Native PDF generated by the official current Dacia Poland configurator; binary archived unchanged, file renamed only to the canonical configuration code."
59,src_pl_cfgpdf_duster_iii_extreme_ecog120_4x2_automatic_20260809,configuration_pdf,Dacia configurator duster_iii_extreme_ecog120_4x2_automatic — extreme Eco-G 120 auto,Dacia,PL,2026-08-09,U2NPXL,PDF/Konfiguratory/2026-08-09/duster/duster_iii_extreme_ecog120_4x2_automatic.pdf,3cf32930d20a7370ceff09f277a879b404a15de4cafca716458b7089ae7284be,active,"Native PDF generated by the official current Dacia Poland configurator; binary archived unchanged, file renamed only to the canonical configuration code."
60,src_pl_cfgpdf_duster_iii_extreme_ecog120_4x2_manual_20260809,configuration_pdf,Dacia configurator duster_iii_extreme_ecog120_4x2_manual — extreme Eco-G 120,Dacia,PL,2026-08-09,27WGED,PDF/Konfiguratory/2026-08-09/duster/duster_iii_extreme_ecog120_4x2_manual.pdf,c1ddb425fbc0c0aec36b5c86ac7caaca2eb768976ebe7756b32ff3a56932bbda,active,"Native PDF generated by the official current Dacia Poland configurator; binary archived unchanged, file renamed only to the canonical configuration code."
61,src_pl_cfgpdf_duster_iii_extreme_hybrid155_4x2_automatic_20260809,configuration_pdf,Dacia configurator duster_iii_extreme_hybrid155_4x2_automatic — extreme hybrid 155,Dacia,PL,2026-08-09,IGWXQI,PDF/Konfiguratory/2026-08-09/duster/duster_iii_extreme_hybrid155_4x2_automatic.pdf,964d5715fa901e8b808a18ed2f0a269b65743b9f1aeafb24a0b83f66ae0e63b5,active,"Native PDF generated by the official current Dacia Poland configurator; binary archived unchanged, file renamed only to the canonical configuration code."
62,src_pl_cfgpdf_duster_iii_extreme_hybridg150_4x4_automatic_20260809,configuration_pdf,Dacia configurator duster_iii_extreme_hybridg150_4x4_automatic — extreme hybrid-G 150 4x4,Dacia,PL,2026-08-09,8OTNYR,PDF/Konfiguratory/2026-08-09/duster/duster_iii_extreme_hybridg150_4x4_automatic.pdf,0f109dbba942f354f020e8afd575d0a24e59250f0931a50838c9c57d39d5b1b0,active,"Native PDF generated by the official current Dacia Poland configurator; binary archived unchanged, file renamed only to the canonical configuration code."
63,src_pl_cfgpdf_duster_iii_extreme_mildhybrid140_4x2_manual_20260809,configuration_pdf,Dacia configurator duster_iii_extreme_mildhybrid140_4x2_manual — extreme mild hybrid 140,Dacia,PL,2026-08-09,3HYPCZ,PDF/Konfiguratory/2026-08-09/duster/duster_iii_extreme_mildhybrid140_4x2_manual.pdf,f3c68716dd1dfbc83a0b9d16291fecc9db3cfa7dbce0e6f5da9205d559b9fad0,active,"Native PDF generated by the official current Dacia Poland configurator; binary archived unchanged, file renamed only to the canonical configuration code."
64,src_pl_cfgpdf_duster_iii_journey_ecog120_4x2_automatic_20260809,configuration_pdf,Dacia configurator duster_iii_journey_ecog120_4x2_automatic — journey Eco-G 120 auto,Dacia,PL,2026-08-09,IORGKN,PDF/Konfiguratory/2026-08-09/duster/duster_iii_journey_ecog120_4x2_automatic.pdf,a559bb04805dffb50290ab6c3b080b441cace2ee69623361a33dfbb6be2cd639,active,"Native PDF generated by the official current Dacia Poland configurator; binary archived unchanged, file renamed only to the canonical configuration code."
65,src_pl_cfgpdf_duster_iii_journey_ecog120_4x2_manual_20260809,configuration_pdf,Dacia configurator duster_iii_journey_ecog120_4x2_manual — journey Eco-G 120,Dacia,PL,2026-08-09,I3ODXO,PDF/Konfiguratory/2026-08-09/duster/duster_iii_journey_ecog120_4x2_manual.pdf,7323127de3ec3a26bc728b9adf20f618a374126a722459da4910a471017ff85b,active,"Native PDF generated by the official current Dacia Poland configurator; binary archived unchanged, file renamed only to the canonical configuration code."
66,src_pl_cfgpdf_duster_iii_journey_hybrid155_4x2_automatic_20260809,configuration_pdf,Dacia configurator duster_iii_journey_hybrid155_4x2_automatic — journey hybrid 155,Dacia,PL,2026-08-09,UXP3SJ,PDF/Konfiguratory/2026-08-09/duster/duster_iii_journey_hybrid155_4x2_automatic.pdf,ae30296583dd34103bdbf80be1e54898bf6012e8990e0633338758a9ee3608cb,active,"Native PDF generated by the official current Dacia Poland configurator; binary archived unchanged, file renamed only to the canonical configuration code."
67,src_pl_cfgpdf_duster_iii_journey_hybridg150_4x4_automatic_20260809,configuration_pdf,Dacia configurator duster_iii_journey_hybridg150_4x4_automatic — journey hybrid-G 150 4x4,Dacia,PL,2026-08-09,GDSK7Z,PDF/Konfiguratory/2026-08-09/duster/duster_iii_journey_hybridg150_4x4_automatic.pdf,4de7a6de30576ec2a48d8d3bdd30d426a9227567c00230e822dab001396f0c6a,active,"Native PDF generated by the official current Dacia Poland configurator; binary archived unchanged, file renamed only to the canonical configuration code."
68,src_pl_cfgpdf_duster_iii_journey_mildhybrid140_4x2_manual_20260809,configuration_pdf,Dacia configurator duster_iii_journey_mildhybrid140_4x2_manual — journey mild hybrid 140,Dacia,PL,2026-08-09,DYPWAQ,PDF/Konfiguratory/2026-08-09/duster/duster_iii_journey_mildhybrid140_4x2_manual.pdf,f9ac19c09698370a9561f73078f7e16a7edf5ee147066190a04caf86ebe92fe9,active,"Native PDF generated by the official current Dacia Poland configurator; binary archived unchanged, file renamed only to the canonical configuration code."
69,src_pl_cfgpdf_jogger_essential_5seat_ecog120_manual_20260809,configuration_pdf,Dacia configurator jogger_essential_5seat_ecog120_manual — essential Eco-G 120,Dacia,PL,2026-08-09,EMOA9V,PDF/Konfiguratory/2026-08-09/jogger_5/jogger_essential_5seat_ecog120_manual.pdf,a0998ceb6937c2bf3808d20268249929c120bb92c64d343cfb86e04899d14222,active,"Native PDF generated by the official current Dacia Poland configurator; binary archived unchanged, file renamed only to the canonical configuration code."
70,src_pl_cfgpdf_jogger_essential_7seat_ecog120_manual_20260809,configuration_pdf,Dacia configurator jogger_essential_7seat_ecog120_manual — essential Eco-G 120,Dacia,PL,2026-08-09,R5UGZZ,PDF/Konfiguratory/2026-08-09/jogger_7/jogger_essential_7seat_ecog120_manual.pdf,d8aa6088fa7389d5d92fe64f35b6bc4edf51fc44e26006d148b672e62bf612ed,active,"Native PDF generated by the official current Dacia Poland configurator; binary archived unchanged, file renamed only to the canonical configuration code."
71,src_pl_cfgpdf_jogger_expression_5seat_ecog120_manual_20260809,configuration_pdf,Dacia configurator jogger_expression_5seat_ecog120_manual — expression Eco-G 120,Dacia,PL,2026-08-09,OAGKVV,PDF/Konfiguratory/2026-08-09/jogger_5/jogger_expression_5seat_ecog120_manual.pdf,de287be72e4d2df15196058a4ea4be04f578ce42abf13052bdb24b44bb174154,active,"Native PDF generated by the official current Dacia Poland configurator; binary archived unchanged, file renamed only to the canonical configuration code."
72,src_pl_cfgpdf_jogger_expression_5seat_hybrid155_automatic_20260809,configuration_pdf,Dacia configurator jogger_expression_5seat_hybrid155_automatic — expression hybrid 155,Dacia,PL,2026-08-09,ASVSLB,PDF/Konfiguratory/2026-08-09/jogger_5/jogger_expression_5seat_hybrid155_automatic.pdf,ae58190d3628ecd68f393a3f299e3ab24c16e2cb5b28d0c40811bb3b852b2c81,active,"Native PDF generated by the official current Dacia Poland configurator; binary archived unchanged, file renamed only to the canonical configuration code."
73,src_pl_cfgpdf_jogger_expression_5seat_tce110_manual_20260809,configuration_pdf,Dacia configurator jogger_expression_5seat_tce110_manual — expression TCe 110,Dacia,PL,2026-08-09,7DJJ3H,PDF/Konfiguratory/2026-08-09/jogger_5/jogger_expression_5seat_tce110_manual.pdf,bd34263fca958889eb9bf8bedde40566b947495fbdc671ba6e1484e36320eb34,active,"Native PDF generated by the official current Dacia Poland configurator; binary archived unchanged, file renamed only to the canonical configuration code."
74,src_pl_cfgpdf_jogger_expression_7seat_ecog120_manual_20260809,configuration_pdf,Dacia configurator jogger_expression_7seat_ecog120_manual — expression Eco-G 120,Dacia,PL,2026-08-09,VI2JYU,PDF/Konfiguratory/2026-08-09/jogger_7/jogger_expression_7seat_ecog120_manual.pdf,19c804d4c3d2954fe060ff8ad74b5dbd53c39e88a862d5c36e7fe5af4a9704de,active,"Native PDF generated by the official current Dacia Poland configurator; binary archived unchanged, file renamed only to the canonical configuration code."
75,src_pl_cfgpdf_jogger_expression_7seat_hybrid155_automatic_20260809,configuration_pdf,Dacia configurator jogger_expression_7seat_hybrid155_automatic — expression hybrid 155,Dacia,PL,2026-08-09,ISFKYA,PDF/Konfiguratory/2026-08-09/jogger_7/jogger_expression_7seat_hybrid155_automatic.pdf,059b70c43057c0dacdbe7033157f33055cfb201fe2ce76582830cc7d10b14f66,active,"Native PDF generated by the official current Dacia Poland configurator; binary archived unchanged, file renamed only to the canonical configuration code."
76,src_pl_cfgpdf_jogger_expression_7seat_tce110_manual_20260809,configuration_pdf,Dacia configurator jogger_expression_7seat_tce110_manual — expression TCe 110,Dacia,PL,2026-08-09,1O0JTX,PDF/Konfiguratory/2026-08-09/jogger_7/jogger_expression_7seat_tce110_manual.pdf,3b8153e57e228649ea2b2fe1faeeac0767898c1085e15175cd1024123470fd2c,active,"Native PDF generated by the official current Dacia Poland configurator; binary archived unchanged, file renamed only to the canonical configuration code."
77,src_pl_cfgpdf_jogger_extreme_5seat_ecog120_automatic_20260809,configuration_pdf,Dacia configurator jogger_extreme_5seat_ecog120_automatic — extreme Eco-G 120 auto,Dacia,PL,2026-08-09,MRGWFM,PDF/Konfiguratory/2026-08-09/jogger_5/jogger_extreme_5seat_ecog120_automatic.pdf,7ea8d47fbebc121bb6336d62f23eca9d832368ebc386bbbfddf10a57b637c0bb,active,"Native PDF generated by the official current Dacia Poland configurator; binary archived unchanged, file renamed only to the canonical configuration code."
78,src_pl_cfgpdf_jogger_extreme_5seat_ecog120_manual_20260809,configuration_pdf,Dacia configurator jogger_extreme_5seat_ecog120_manual — extreme Eco-G 120,Dacia,PL,2026-08-09,VYYAGZ,PDF/Konfiguratory/2026-08-09/jogger_5/jogger_extreme_5seat_ecog120_manual.pdf,a22e284ee4d6472d6ba01e0d9734b2409a9b869b473c971e0c190b55a957c086,active,"Native PDF generated by the official current Dacia Poland configurator; binary archived unchanged, file renamed only to the canonical configuration code."
79,src_pl_cfgpdf_jogger_extreme_5seat_hybrid155_automatic_20260809,configuration_pdf,Dacia configurator jogger_extreme_5seat_hybrid155_automatic — extreme hybrid 155,Dacia,PL,2026-08-09,0RWCZU,PDF/Konfiguratory/2026-08-09/jogger_5/jogger_extreme_5seat_hybrid155_automatic.pdf,09796c340fecd50856d3351f605d663c993aa7b006364d6b0de30351b175ffde,active,"Native PDF generated by the official current Dacia Poland configurator; binary archived unchanged, file renamed only to the canonical configuration code."
80,src_pl_cfgpdf_jogger_extreme_5seat_tce110_manual_20260809,configuration_pdf,Dacia configurator jogger_extreme_5seat_tce110_manual — extreme TCe 110,Dacia,PL,2026-08-09,UVANZO,PDF/Konfiguratory/2026-08-09/jogger_5/jogger_extreme_5seat_tce110_manual.pdf,dfa6cb67d12bc284b9c13a0bf55aeed6753faa0945eec0a0964f10d855018106,active,"Native PDF generated by the official current Dacia Poland configurator; binary archived unchanged, file renamed only to the canonical configuration code."
81,src_pl_cfgpdf_jogger_extreme_7seat_ecog120_automatic_20260809,configuration_pdf,Dacia configurator jogger_extreme_7seat_ecog120_automatic — extreme Eco-G 120 auto,Dacia,PL,2026-08-09,JO21YF,PDF/Konfiguratory/2026-08-09/jogger_7/jogger_extreme_7seat_ecog120_automatic.pdf,526ac346d9c9ac6b30ccdf8d1900335999b48250e658093b5ae64ab96c97a1d0,active,"Native PDF generated by the official current Dacia Poland configurator; binary archived unchanged, file renamed only to the canonical configuration code."
82,src_pl_cfgpdf_jogger_extreme_7seat_ecog120_manual_20260809,configuration_pdf,Dacia configurator jogger_extreme_7seat_ecog120_manual — extreme Eco-G 120,Dacia,PL,2026-08-09,HWOURH,PDF/Konfiguratory/2026-08-09/jogger_7/jogger_extreme_7seat_ecog120_manual.pdf,ca61da2b8a3a40ba184366260c3359d2250e0ae73d1eaa5522ba97f84c3ab619,active,"Native PDF generated by the official current Dacia Poland configurator; binary archived unchanged, file renamed only to the canonical configuration code."
83,src_pl_cfgpdf_jogger_extreme_7seat_hybrid155_automatic_20260809,configuration_pdf,Dacia configurator jogger_extreme_7seat_hybrid155_automatic — extreme hybrid 155,Dacia,PL,2026-08-09,TZWZDQ,PDF/Konfiguratory/2026-08-09/jogger_7/jogger_extreme_7seat_hybrid155_automatic.pdf,c9fde131591a05f5b5c3f1df5fa026b01a5e063ef1c6e1127c645479f6ac6fee,active,"Native PDF generated by the official current Dacia Poland configurator; binary archived unchanged, file renamed only to the canonical configuration code."
84,src_pl_cfgpdf_jogger_extreme_7seat_tce110_manual_20260809,configuration_pdf,Dacia configurator jogger_extreme_7seat_tce110_manual — extreme TCe 110,Dacia,PL,2026-08-09,D9QNN0,PDF/Konfiguratory/2026-08-09/jogger_7/jogger_extreme_7seat_tce110_manual.pdf,a855189e1441d77ffabdab154c84267418363628b688e4b8e93aa750b446d86d,active,"Native PDF generated by the official current Dacia Poland configurator; binary archived unchanged, file renamed only to the canonical configuration code."
85,src_pl_cfgpdf_jogger_journey_5seat_ecog120_automatic_20260809,configuration_pdf,Dacia configurator jogger_journey_5seat_ecog120_automatic — journey Eco-G 120 auto,Dacia,PL,2026-08-09,HMFKQV,PDF/Konfiguratory/2026-08-09/jogger_5/jogger_journey_5seat_ecog120_automatic.pdf,57af2ba4e491231c1926b6b459a3b774960786e4f492f9a928b605d692446763,active,"Native PDF generated by the official current Dacia Poland configurator; binary archived unchanged, file renamed only to the canonical configuration code."
86,src_pl_cfgpdf_jogger_journey_5seat_hybrid155_automatic_20260809,configuration_pdf,Dacia configurator jogger_journey_5seat_hybrid155_automatic — journey hybrid 155,Dacia,PL,2026-08-09,LXKX21,PDF/Konfiguratory/2026-08-09/jogger_5/jogger_journey_5seat_hybrid155_automatic.pdf,dc8ee9e69fbf89ba160c5ea0ebb43bfb83aeb88290d0739d7e39aeb31ac0f555,active,"Native PDF generated by the official current Dacia Poland configurator; binary archived unchanged, file renamed only to the canonical configuration code."
87,src_pl_cfgpdf_jogger_journey_5seat_tce110_manual_20260809,configuration_pdf,Dacia configurator jogger_journey_5seat_tce110_manual — journey TCe 110,Dacia,PL,2026-08-09,HZ6YKT,PDF/Konfiguratory/2026-08-09/jogger_5/jogger_journey_5seat_tce110_manual.pdf,55a1c29d15771927243a4aa0aa7e56120887eae0742bb2ed28fba937de059a69,active,"Native PDF generated by the official current Dacia Poland configurator; binary archived unchanged, file renamed only to the canonical configuration code."
88,src_pl_cfgpdf_jogger_journey_7seat_ecog120_automatic_20260809,configuration_pdf,Dacia configurator jogger_journey_7seat_ecog120_automatic — journey Eco-G 120 auto,Dacia,PL,2026-08-09,132NCI,PDF/Konfiguratory/2026-08-09/jogger_7/jogger_journey_7seat_ecog120_automatic.pdf,33abfa33012825e57ad4819f8bcacd60166bdebb47c2fa5e991f7b9d5b16779c,active,"Native PDF generated by the official current Dacia Poland configurator; binary archived unchanged, file renamed only to the canonical configuration code."
89,src_pl_cfgpdf_jogger_journey_7seat_hybrid155_automatic_20260809,configuration_pdf,Dacia configurator jogger_journey_7seat_hybrid155_automatic — journey hybrid 155,Dacia,PL,2026-08-09,4PKUTZ,PDF/Konfiguratory/2026-08-09/jogger_7/jogger_journey_7seat_hybrid155_automatic.pdf,44215858eea7dcbab714b4341fc9544878025545373caeca16091f106237a2c7,active,"Native PDF generated by the official current Dacia Poland configurator; binary archived unchanged, file renamed only to the canonical configuration code."
90,src_pl_cfgpdf_jogger_journey_7seat_tce110_manual_20260809,configuration_pdf,Dacia configurator jogger_journey_7seat_tce110_manual — journey TCe 110,Dacia,PL,2026-08-09,FHESKQ,PDF/Konfiguratory/2026-08-09/jogger_7/jogger_journey_7seat_tce110_manual.pdf,4e5379d6576cb81737b7f6cd6ca270c7f7638e7452ba3dfacfbe453a0948eb4c,active,"Native PDF generated by the official current Dacia Poland configurator; binary archived unchanged, file renamed only to the canonical configuration code."
91,src_pl_cfgpdf_sandero_iii_essential_tce100_manual_20260809,configuration_pdf,Dacia configurator sandero_iii_essential_tce100_manual — essential TCe 100,Dacia,PL,2026-08-09,VNR7DT,PDF/Konfiguratory/2026-08-09/sandero/sandero_iii_essential_tce100_manual.pdf,e1de51a002b25bd51f46d5728f652e8b612ccaf4c21b12567a23841409245707,active,"Native PDF generated by the official current Dacia Poland configurator; binary archived unchanged, file renamed only to the canonical configuration code."
92,src_pl_cfgpdf_sandero_iii_expression_ecog120_automatic_20260809,configuration_pdf,Dacia configurator sandero_iii_expression_ecog120_automatic — expression Eco-G 120 auto,Dacia,PL,2026-08-09,DMYBWI,PDF/Konfiguratory/2026-08-09/sandero/sandero_iii_expression_ecog120_automatic.pdf,be41c5d84d9adcb66ca45c0765e908a245a2071af12aec88456cb1f0dfe8d577,active,"Native PDF generated by the official current Dacia Poland configurator; binary archived unchanged, file renamed only to the canonical configuration code."
93,src_pl_cfgpdf_sandero_iii_expression_ecog120_manual_20260809,configuration_pdf,Dacia configurator sandero_iii_expression_ecog120_manual — expression Eco-G 120,Dacia,PL,2026-08-09,3UXEPE,PDF/Konfiguratory/2026-08-09/sandero/sandero_iii_expression_ecog120_manual.pdf,aa1c9c02c71d80004ce508c680b97a27ac1e6b06a923e537ff9c7bd8f36118d0,active,"Native PDF generated by the official current Dacia Poland configurator; binary archived unchanged, file renamed only to the canonical configuration code."
94,src_pl_cfgpdf_sandero_iii_expression_tce100_manual_20260809,configuration_pdf,Dacia configurator sandero_iii_expression_tce100_manual — expression TCe 100,Dacia,PL,2026-08-09,P1UBR3,PDF/Konfiguratory/2026-08-09/sandero/sandero_iii_expression_tce100_manual.pdf,ee27450b603885b54ae2571555440d5383fc1bb766b64097e61875959d9fec30,active,"Native PDF generated by the official current Dacia Poland configurator; binary archived unchanged, file renamed only to the canonical configuration code."
95,src_pl_cfgpdf_sandero_iii_journey_ecog120_automatic_20260809,configuration_pdf,Dacia configurator sandero_iii_journey_ecog120_automatic — journey Eco-G 120 auto,Dacia,PL,2026-08-09,8ADKBE,PDF/Konfiguratory/2026-08-09/sandero/sandero_iii_journey_ecog120_automatic.pdf,316d193c2ab9382cf97bbba031426de5a6fd091c4150fa442c041899558e6469,active,"Native PDF generated by the official current Dacia Poland configurator; binary archived unchanged, file renamed only to the canonical configuration code."
96,src_pl_cfgpdf_sandero_iii_journey_ecog120_manual_20260809,configuration_pdf,Dacia configurator sandero_iii_journey_ecog120_manual — journey Eco-G 120,Dacia,PL,2026-08-09,R56OXG,PDF/Konfiguratory/2026-08-09/sandero/sandero_iii_journey_ecog120_manual.pdf,cb1074f9ac81074d939e27fb0aa253950f13cd712bcaadff234451293773b902,active,"Native PDF generated by the official current Dacia Poland configurator; binary archived unchanged, file renamed only to the canonical configuration code."
97,src_pl_cfgpdf_sandero_iii_journey_tce100_manual_20260809,configuration_pdf,Dacia configurator sandero_iii_journey_tce100_manual — journey TCe 100,Dacia,PL,2026-08-09,WIMUCJ,PDF/Konfiguratory/2026-08-09/sandero/sandero_iii_journey_tce100_manual.pdf,1c03914fe006c3318e3f9eac55ee5a0d6cd953702a24637377128ce221395fca,active,"Native PDF generated by the official current Dacia Poland configurator; binary archived unchanged, file renamed only to the canonical configuration code."
98,src_pl_cfgpdf_sandero_stepway_iii_essential_ecog120_manual_20260809,configuration_pdf,Dacia configurator sandero_stepway_iii_essential_ecog120_manual — stepway essential Eco-G 120,Dacia,PL,2026-08-09,AITUNZ,PDF/Konfiguratory/2026-08-09/sandero_stepway/sandero_stepway_iii_essential_ecog120_manual.pdf,810d963636c7f14717cdbff4c5c3d27b465891fa7e057fa25f88c41359f3dd2e,active,"Native PDF generated by the official current Dacia Poland configurator; binary archived unchanged, file renamed only to the canonical configuration code."
99,src_pl_cfgpdf_sandero_stepway_iii_essential_tce110_manual_20260809,configuration_pdf,Dacia configurator sandero_stepway_iii_essential_tce110_manual — stepway essential TCe 110,Dacia,PL,2026-08-09,UMPNXW,PDF/Konfiguratory/2026-08-09/sandero_stepway/sandero_stepway_iii_essential_tce110_manual.pdf,06b32011d062f099d6603b177ac26857856b4be81b91a46472a7d96cb460309a,active,"Native PDF generated by the official current Dacia Poland configurator; binary archived unchanged, file renamed only to the canonical configuration code."
100,src_pl_cfgpdf_sandero_stepway_iii_expression_ecog120_automatic_20260809,configuration_pdf,Dacia configurator sandero_stepway_iii_expression_ecog120_automatic — stepway expression Eco-G 120 auto,Dacia,PL,2026-08-09,OGRZYP,PDF/Konfiguratory/2026-08-09/sandero_stepway/sandero_stepway_iii_expression_ecog120_automatic.pdf,367cc9acf3e5a146e8f602030975c2de83b4afea4709157e75cafe35a31511c5,active,"Native PDF generated by the official current Dacia Poland configurator; binary archived unchanged, file renamed only to the canonical configuration code."
101,src_pl_cfgpdf_sandero_stepway_iii_expression_ecog120_manual_20260809,configuration_pdf,Dacia configurator sandero_stepway_iii_expression_ecog120_manual — stepway expression Eco-G 120,Dacia,PL,2026-08-09,HHB8CY,PDF/Konfiguratory/2026-08-09/sandero_stepway/sandero_stepway_iii_expression_ecog120_manual.pdf,f35c3dc481f23e15707da70438581d1f67e3589bd7c2d15da37230dc3fa6347c,active,"Native PDF generated by the official current Dacia Poland configurator; binary archived unchanged, file renamed only to the canonical configuration code."
102,src_pl_cfgpdf_sandero_stepway_iii_expression_tce110_manual_20260809,configuration_pdf,Dacia configurator sandero_stepway_iii_expression_tce110_manual — stepway expression TCe 110,Dacia,PL,2026-08-09,D3Y09X,PDF/Konfiguratory/2026-08-09/sandero_stepway/sandero_stepway_iii_expression_tce110_manual.pdf,b3be31fbb9e9ec7e11e07a3e63932bcadb364f5aa8043745629484b3c10a2578,active,"Native PDF generated by the official current Dacia Poland configurator; binary archived unchanged, file renamed only to the canonical configuration code."
103,src_pl_cfgpdf_sandero_stepway_iii_extreme_ecog120_automatic_20260809,configuration_pdf,Dacia configurator sandero_stepway_iii_extreme_ecog120_automatic — stepway extreme Eco-G 120 auto,Dacia,PL,2026-08-09,1CA0UJ,PDF/Konfiguratory/2026-08-09/sandero_stepway/sandero_stepway_iii_extreme_ecog120_automatic.pdf,f0e13fc707667f8c84a1d94d1cc00e93f06fe07f27e7dc1bffd51c7567724492,active,"Native PDF generated by the official current Dacia Poland configurator; binary archived unchanged, file renamed only to the canonical configuration code."
104,src_pl_cfgpdf_sandero_stepway_iii_extreme_ecog120_manual_20260809,configuration_pdf,Dacia configurator sandero_stepway_iii_extreme_ecog120_manual — stepway extreme Eco-G 120,Dacia,PL,2026-08-09,NJNLLM,PDF/Konfiguratory/2026-08-09/sandero_stepway/sandero_stepway_iii_extreme_ecog120_manual.pdf,7e4108f107565b51ee5a722b378378de0d785a541fdd3c117e57ff85cd776db5,active,"Native PDF generated by the official current Dacia Poland configurator; binary archived unchanged, file renamed only to the canonical configuration code."
105,src_pl_cfgpdf_sandero_stepway_iii_extreme_tce110_manual_20260809,configuration_pdf,Dacia configurator sandero_stepway_iii_extreme_tce110_manual — stepway extreme TCe 110,Dacia,PL,2026-08-09,0QKA4R,PDF/Konfiguratory/2026-08-09/sandero_stepway/sandero_stepway_iii_extreme_tce110_manual.pdf,94d6dd2227e7648658cd4d1dd005890eacc977d4a96c8d357392c22f0eff3d12,active,"Native PDF generated by the official current Dacia Poland configurator; binary archived unchanged, file renamed only to the canonical configuration code."
106,src_pl_cfgpdf_spring_essential_electric70_automatic_20260809,configuration_pdf,Dacia configurator spring_essential_electric70_automatic — essential electric 70,Dacia,PL,2026-08-09,MXPMV7,PDF/Konfiguratory/2026-08-09/spring/spring_essential_electric70_automatic.pdf,58b6a266cba9c463aaddc51c2292757d25704aa3c17ab6fdda75ec7a698d03aa,active,"Native PDF generated by the official current Dacia Poland configurator; binary archived unchanged, file renamed only to the canonical configuration code."
107,src_pl_cfgpdf_spring_expression_electric70_automatic_20260809,configuration_pdf,Dacia configurator spring_expression_electric70_automatic — expression electric 70,Dacia,PL,2026-08-09,M3EMDU,PDF/Konfiguratory/2026-08-09/spring/spring_expression_electric70_automatic.pdf,a94848fffc02693f8bfb6e9b544ecae28ff8a3e91b77910a6f7b96a53d3eb765,active,"Native PDF generated by the official current Dacia Poland configurator; binary archived unchanged, file renamed only to the canonical configuration code."
108,src_pl_cfgpdf_spring_extreme_electric100_automatic_20260809,configuration_pdf,Dacia configurator spring_extreme_electric100_automatic — extreme electric 100,Dacia,PL,2026-08-09,RVLFW5,PDF/Konfiguratory/2026-08-09/spring/spring_extreme_electric100_automatic.pdf,3ff34af3fc76e1593d1047fcd71fbd4a39c2e148171706f2b2c3a93741cc91f2,active,"Native PDF generated by the official current Dacia Poland configurator; binary archived unchanged, file renamed only to the canonical configuration code."
