category,subcategory,name,part_number,5_seat_essential,5_seat_expression,5_seat_extreme,7_seat_essential,7_seat_expression,7_seat_extreme,notes
design,exterior,Shark fin antenna,8201731020,compatible,compatible,incompatible,compatible,compatible,incompatible,
design,exterior,Side step pack,7711948922,compatible,compatible,compatible,compatible,compatible,compatible,
design,exterior,Roof spoiler,8201741648,compatible,compatible,compatible,compatible,compatible,compatible,
design,wheel_rims,White and glossy black Dacia Link centre cap,403153950R,compatible,compatible,compatible,compatible,compatible,compatible,
design,wheel_rims,Black and brushed steel Dacia Link centre cap,403156271R,compatible,compatible,compatible,compatible,compatible,compatible,
design,wheel_rims,"16"" Mahalia alloy wheel rim",403004026R,compatible,compatible,compatible,compatible,compatible,compatible,
design,wheel_rims,"16"" Dacia Saria wheel cap",403152742R,compatible,compatible,compatible,compatible,compatible,compatible,
design,wheel_rims,Anti-theft systems for alloy wheel rims - Set of 4 grey nuts,8201724187,compatible,compatible,compatible,compatible,compatible,compatible,
design,interior,Front Jogger door sills,7711948884,compatible,compatible,compatible,compatible,compatible,compatible,
design,interior,Front illuminated Jogger door sills,7711948885,compatible,compatible,compatible,compatible,compatible,compatible,
design,interior,Jogger boot sill,8201741606,compatible,compatible,compatible,compatible,compatible,compatible,
comfort_and_protection,windows,Clip-on front air deflectors,8201735559,compatible,compatible,compatible,compatible,compatible,compatible,
comfort_and_protection,windows,Sun visor - Side windows,7711948818,compatible,compatible,compatible,compatible,compatible,compatible,
comfort_and_protection,windows,Sun visor - Side windows + rear screen (pack),7711948820,compatible,compatible,compatible,compatible,compatible,compatible,
comfort_and_protection,on_board_experience,Front armrest with storage,877007206R,compatible,conditional,conditional,compatible,conditional,conditional,Conditional: compatible only with low consoles.
comfort_and_protection,on_board_experience,Multifunction cup-holder,7711945469,compatible,compatible,compatible,compatible,compatible,compatible,
comfort_and_protection,on_board_experience,Smoker's kit,8201375535,compatible,compatible,compatible,compatible,compatible,compatible,
comfort_and_protection,on_board_experience,Dacia hanger on headrest,8201705508,compatible,compatible,compatible,compatible,compatible,compatible,
comfort_and_protection,on_board_experience,Multifunction holder on headrest,7711785944,compatible,compatible,compatible,compatible,compatible,compatible,
comfort_and_protection,on_board_experience,Hanger on multifunction system (holder supplied),7711785946,compatible,compatible,compatible,compatible,compatible,compatible,
comfort_and_protection,on_board_experience,Hook on multifunction system (holder supplied),7711785945,compatible,compatible,compatible,compatible,compatible,compatible,
comfort_and_protection,on_board_experience,Rear shelf on multifunction system (holder sold separately),7711785947,compatible,compatible,compatible,compatible,compatible,compatible,
comfort_and_protection,on_board_experience,12V-220V cool box,7711431405,compatible,compatible,compatible,compatible,compatible,compatible,
comfort_and_protection,on_board_experience,12V-220V power converter,7711944194,compatible,compatible,compatible,compatible,compatible,compatible,
comfort_and_protection,on_board_experience,12V recessed cigarette lighter socket - full kit,7711944196,compatible,compatible,compatible,compatible,compatible,compatible,
comfort_and_protection,on_board_experience,12V extension,7711944195,compatible,compatible,compatible,compatible,compatible,compatible,
comfort_and_protection,interior_fittings,Horizontal boot storage net,7711945466,compatible,compatible,compatible,incompatible,incompatible,incompatible,
comfort_and_protection,interior_fittings,Vertical boot storage net,7711945467,compatible,compatible,compatible,compatible,compatible,compatible,
comfort_and_protection,interior_fittings,Dacia removable boot organiser,8201653542,compatible,compatible,compatible,compatible,compatible,compatible,
comfort_and_protection,interior_fittings,Compartmentalised boot storage box,7711940885,compatible,compatible,compatible,compatible,compatible,compatible,
comfort_and_protection,interior_fittings,Partition grille,731504928R,compatible,compatible,compatible,compatible,compatible,compatible,
comfort_and_protection,interior_fittings,EasyFlex modular boot protection for 5-seater version,688105569R,compatible,compatible,compatible,incompatible,incompatible,incompatible,
comfort_and_protection,interior_fittings,Thermoformed boot liner for 5-seater version,849756861R,compatible,compatible,incompatible,incompatible,incompatible,incompatible,
comfort_and_protection,interior_fittings,Thermoformed boot liner for 7-seater version,688107961R,incompatible,incompatible,incompatible,compatible,compatible,incompatible,
comfort_and_protection,interior_fittings,Boot mat for 5-seater version,849048487R,compatible,compatible,compatible,incompatible,incompatible,incompatible,
comfort_and_protection,floor_mats,"Comfort textile floor mats, for 5-seater version",749021705R,compatible,compatible,compatible,incompatible,incompatible,incompatible,
comfort_and_protection,floor_mats,"Comfort textile floor mats, for 7-seater version",749025566R,incompatible,incompatible,incompatible,compatible,compatible,compatible,
comfort_and_protection,floor_mats,"Premium textile floor mats, for 5-seater version",749029652R,compatible,compatible,incompatible,incompatible,incompatible,incompatible,
comfort_and_protection,floor_mats,"Premium textile floor mats, for 7-seater version",749020162R,incompatible,incompatible,incompatible,compatible,compatible,incompatible,
comfort_and_protection,floor_mats,"Rubber floor mats, for 5-seater version",749020878R,compatible,compatible,compatible,incompatible,incompatible,incompatible,
comfort_and_protection,floor_mats,"Rubber floor mats, for 7-seater version",749022794R,incompatible,incompatible,incompatible,compatible,compatible,compatible,
comfort_and_protection,bodywork_protection,Front Jogger mudguards,8201735531,compatible,compatible,compatible,compatible,compatible,compatible,
comfort_and_protection,bodywork_protection,Rear Jogger mudguards,8201741582,compatible,compatible,compatible,compatible,compatible,compatible,
comfort_and_protection,bodywork_protection,Door edge and mirror protectors,8201743312,compatible,compatible,compatible,compatible,compatible,compatible,
comfort_and_protection,bodywork_protection,Front + rear lower door protectors,8201737151,compatible,compatible,compatible,compatible,compatible,compatible,
comfort_and_protection,seat_covers,Storage covers for 3rd row removable seats (2 seats),7711949289,incompatible,incompatible,incompatible,compatible,compatible,compatible,
comfort_and_protection,seat_covers,Front seat covers,873706014R,compatible,compatible,compatible,compatible,compatible,compatible,
comfort_and_protection,seat_covers,Front and rear seat covers for the 5-seater version - 1/3-2/3 bench seat,873703353R,compatible,compatible,compatible,incompatible,incompatible,incompatible,
comfort_and_protection,seat_covers,Front and rear seat covers for the 7-seater version - 1/3-2/3 bench seat,873708679R,incompatible,incompatible,incompatible,compatible,compatible,compatible,
comfort_and_protection,seat_covers,Rear seat protection for dogs,7711945735,compatible,compatible,compatible,compatible,compatible,compatible,
transport,innature,Sleep Pack,,compatible,compatible,compatible,compatible,compatible,compatible,Part number printed as TBA.
transport,innature,Sleep Pack - Camper Box,984239528R,compatible,compatible,compatible,compatible,compatible,compatible,
transport,innature,Sleep Pack - Mattress,984247351R,compatible,compatible,compatible,compatible,compatible,compatible,
transport,innature,Tailgate Tent,7717300226,compatible,compatible,compatible,compatible,compatible,compatible,
transport,innature,Blackout Blinds,7717300430,compatible,compatible,compatible,compatible,compatible,compatible,
transport,innature,Storage Bag for 3rd Row Seats,7711949289,compatible,compatible,compatible,compatible,compatible,compatible,
transport,towing,Swan-neck fixed towbar pack - 13-pin,7711949287,compatible,compatible,compatible,compatible,compatible,compatible,
transport,towing,Swan-neck fixed towbar pack - 7-pin,7711949288,compatible,compatible,compatible,compatible,compatible,compatible,
transport,towing,Tool-free removable towbar pack - 13-pin,7711949285,compatible,compatible,compatible,compatible,compatible,compatible,
transport,towing,Tool-free removable towbar pack - 7-pin,7711949286,compatible,compatible,compatible,compatible,compatible,compatible,
transport,towing,Towbar wiring harness adapter - 13/7-pin,7711226912,compatible,compatible,compatible,compatible,compatible,compatible,
transport,towing,Pure Instinct 2-bicycle rack on towbar - 13-pin,7711949994,compatible,compatible,compatible,compatible,compatible,compatible,
transport,towing,Pure Instinct 3-bicycle rack on towbar - 13-pin,7711949995,compatible,compatible,compatible,compatible,compatible,compatible,
transport,towing,Easyfold 3-bicycle rack on towbar - 13-pin,7711946559,compatible,compatible,compatible,compatible,compatible,compatible,
transport,towing,Europower 915 2-bike electric bicycle rack on towbar - 13-pin,7711577333,compatible,compatible,compatible,compatible,compatible,compatible,
transport,towing,Europower 916 2-bike electric bicycle rack on towbar - 7-pin,7711574689,compatible,compatible,compatible,compatible,compatible,compatible,
transport,towing,Express Hang On 2-bicycle rack on towbar,7711577326,compatible,compatible,compatible,compatible,compatible,compatible,
transport,towing,Express Hang On 3-bicycle rack on towbar,7711577327,compatible,compatible,compatible,compatible,compatible,compatible,
transport,towing,Number plate bracket for Express Hang On bicycle rack - 7-pin,7711210431,compatible,compatible,compatible,compatible,compatible,compatible,
transport,towing,Adapter for women's and special bicycle rack,7711419103,compatible,compatible,compatible,compatible,compatible,compatible,
transport,roof_storage,Dacia black waffle design 400 L rigid roof box,7711574056,compatible,compatible,compatible,compatible,compatible,compatible,
transport,roof_storage,Dacia black waffle design 480 L rigid roof box,7711574057,compatible,conditional,conditional,compatible,conditional,conditional,Conditional: not compatible with whip antenna (standard) on vehicle.
transport,roof_storage,Ranger 340 L flexible roof box,7711419549,compatible,compatible,compatible,compatible,compatible,compatible,
transport,roof_storage,Anti-theft system for Express Hang On bicycle racks,7711422443,compatible,compatible,compatible,compatible,compatible,compatible,
transport,roof_storage,Thule FreeRide bicycle rack - On transverse roof bars (only on Essential version) - 1 bicycle,7711948969,compatible,incompatible,incompatible,compatible,incompatible,incompatible,
transport,roof_storage,Bicycle rack Pure Instinct for modular roof bars,7711949992,incompatible,compatible,compatible,incompatible,compatible,compatible,
transport,roof_storage,Bicycle rack adapter for Pure Instinct modular roof bars,7711949993,incompatible,compatible,compatible,incompatible,compatible,compatible,
transport,roof_storage,Roof bars - Aluminium - On fixed longitudinal bars (specific to Essential version),8201733998,compatible,incompatible,incompatible,compatible,incompatible,incompatible,
transport,roof_storage,"Transverse roof bar adapter, Essential version (8201733998) for ski racks",7711421178,compatible,incompatible,incompatible,compatible,incompatible,incompatible,
multimedia,telephone,Smartphone holder adaptation kit for vehicle without multimedia (air vent or suction cup mounting),8201742512,compatible,incompatible,incompatible,compatible,incompatible,incompatible,
multimedia,telephone,Smartphone holder on multimedia arm,283144127R,compatible,compatible,conditional,compatible,compatible,conditional,Conditional: smartphone holder is standard on Extreme versions.
multimedia,telephone,Wireless smartphone charger,8201737398,compatible,compatible,compatible,compatible,compatible,compatible,
multimedia,telephone,Magnetic dashboard-mounted smartphone holder,7711784775,compatible,compatible,compatible,compatible,compatible,compatible,
multimedia,telephone,Magnetic vent-mounted smartphone holder,7711784774,compatible,compatible,compatible,compatible,compatible,compatible,
multimedia,telephone,Wireless smartphone charger in the centre console,8201739622,compatible,compatible,compatible,compatible,compatible,compatible,
multimedia,audio,Kenwood KMM-BT506DAB car radio,7711943336,compatible,compatible,compatible,compatible,compatible,compatible,
multimedia,audio,Kenwood KDC-BT740DAB car radio,7711943104,compatible,compatible,compatible,compatible,compatible,compatible,
multimedia,audio,Car radio mount,8201734132,compatible,incompatible,incompatible,compatible,incompatible,incompatible,
multimedia,video,Built-in dashcam for windscreen without rain and light sensor,8201735449,compatible,compatible,compatible,compatible,compatible,compatible,
multimedia,video,Nextbase 222GW Dashcam with 32 GB SD card,7711945185,compatible,compatible,compatible,compatible,compatible,compatible,
multimedia,video,Nextbase 322GW Dashcam with 32 GB SD card,7711945184,compatible,compatible,compatible,compatible,compatible,compatible,
safety,anti_theft_and_surveillance,"Perimeter, volumetric and anti-lift alarm",8201736825,compatible,compatible,compatible,compatible,compatible,compatible,
safety,driving_assistance,Parking sensors - Front,8201734052,compatible,compatible,conditional,compatible,compatible,conditional,Conditional: parking sensors available as standard equipment on vehicle.
safety,driving_assistance,Parking sensors - Rear,8201734053,compatible,conditional,conditional,compatible,conditional,conditional,Conditional: parking sensors available as standard equipment on vehicle.
safety,driving_assistance,Rear-view camera,284422402R,compatible,conditional,conditional,compatible,conditional,conditional,Conditional: requires a multimedia screen; also available as a standard option on Comfort and Expression versions.
safety,emergency_and_signalling,1kg fire extinguisher - France,7711788640,compatible,compatible,compatible,compatible,compatible,compatible,
safety,emergency_and_signalling,1kg fire extinguisher - Europe,7711943172,compatible,compatible,compatible,compatible,compatible,compatible,
safety,emergency_and_signalling,Extinguisher bracket,966015136R,compatible,compatible,compatible,compatible,compatible,compatible,
safety,emergency_and_signalling,Safety kit,7711780759,compatible,compatible,compatible,compatible,compatible,compatible,
safety,child_safety,Trifix 2 i-Size group 1 child seat,7711940744,compatible,compatible,compatible,compatible,compatible,compatible,
safety,snow_chains,"16"" Standard wheel snow chains (205/60R16)",7711578470,compatible,compatible,compatible,compatible,compatible,compatible,
safety,snow_chains,"16"" Premium snow chains (205/60R16)",7711943628,compatible,compatible,compatible,compatible,compatible,compatible,
safety,snow_chains,"16"" Premium Grip snow chains (205/60R16)",7711780255,compatible,compatible,compatible,compatible,compatible,compatible,
safety,snow_chains,"16"" wheel snow socks (205/60R16)",7711578653,compatible,compatible,compatible,compatible,compatible,compatible,
pro_specials,commercial_conversion,Liner (+ load stop) for conversion into a commercial vehicle,792606154R,compatible,compatible,compatible,compatible,compatible,compatible,
pro_specials,commercial_conversion,Partition grille for conversion into a commercial vehicle,731508776R,compatible,compatible,compatible,compatible,compatible,compatible,
pro_specials,commercial_conversion,Luggage cover for conversion into a commercial vehicle,799229084R,compatible,compatible,compatible,compatible,compatible,compatible,
