ordinal,category,subcategory,price_list_name,part_number,document_price_gross_pln,shop_name,shop_catalog_price_gross_pln,first_pass_status,price_match,label_exact_match,shop_compatibility_includes_new_spring,availability_status,retry_deferred,evidence_stage,checked_on
1,BEZPIECZEŃSTWO,Bezpieczeństwo i sygnalizacja,"Zestaw bezpieczeństwa (kamizelka, trójkąt, apteczka)",7711780759,87.00,"Zestaw bezpieczeństwa - kamizelka, trójkąt, apteczka",87.00,confirmed_price_exact_match,true,false,true,temporarily_unavailable,false,reconciliation_001,2026-08-06
2,BEZPIECZEŃSTWO,Bezpieczeństwo i sygnalizacja,Gaśnica 1 kg,7711943172,87.00,,,dacia_pl_card_not_resolved,,,false,unresolved,true,reconciliation_bounded_attempt,2026-08-06
3,BEZPIECZEŃSTWO,Bezpieczeństwo i sygnalizacja,Wideo rejestrator Nextbase 222,7711945185,940.00,Wideo rejestrator Nextbase 222,940.00,confirmed_price_exact_match,true,true,true,temporarily_unavailable,false,reconciliation_001,2026-08-06
4,BEZPIECZEŃSTWO,Bezpieczeństwo i sygnalizacja,Uchwyt do mocowania gaśnicy,966115844R,157.00,,,dacia_pl_card_not_resolved,,,false,unresolved,true,reconciliation_bounded_attempt,2026-08-06
5,BEZPIECZEŃSTWO,Łańcuchy śniegowe,"Łańcuchy śniegowe Standard 9mm, rozmiar 50",7711578466,387.10,"Łańcuchy śniegowe Standard 9mm, rozmiar 50",,confirmed_card_price_not_captured,,true,true,listed_add_to_cart,false,reconciliation_001,2026-08-06
6,DESIGN,Felgi i akcesoria do kół,"Kołpak 15""",403152645R,173.00,Kołpak 15 cali,,confirmed_card_price_not_captured,,false,true,listed,false,shop_coverage_baseline,2026-08-06
7,DESIGN,Felgi i akcesoria do kół,"Kołpak 14""",403152884R,169.00,"Kołpak 14""",,confirmed_card_price_not_captured,,true,true,listed_add_to_cart,false,reconciliation_001,2026-08-06
8,DESIGN,Felgi i akcesoria do kół,"Kołpak 15""",403154034R,173.00,"Kołpak 15""",,confirmed_card_price_not_captured,,true,true,listed_add_to_cart,false,reconciliation_001,2026-08-06
9,DESIGN,Felgi i akcesoria do kół,"Kołpak 14""",403154280R,155.00,,,dacia_pl_card_not_resolved,,,false,unresolved,true,reconciliation_bounded_attempt,2026-08-06
10,DESIGN,Felgi i akcesoria do kół,Śruby antykradzieżowe do felg aluminowych - 4 śruby,8201724187,145.00,Śruby antykradzieżowe do felg aluminiowych - 4 śruby,145.00,confirmed_price_exact_match,true,false,true,temporarily_unavailable,false,reconciliation_001,2026-08-06
11,DESIGN,Wygląd wnętrza,YouClip – uchwyt do smartfona,283143468R,113.00,YouClip – uchwyt do smartfona,113.00,confirmed_price_exact_match,true,true,true,temporarily_unavailable,false,shop_coverage_baseline,2026-08-06
12,DESIGN,Wygląd wnętrza,YouClip – indukcyjna ładowarka do smartfonów,283D84357R,283.00,YouClip – indukcyjna ładowarka do smartfonów,283.00,confirmed_price_exact_match,true,true,true,temporarily_unavailable,false,reconciliation_001,2026-08-06
13,DESIGN,Wygląd wnętrza,YouClip – lampka,684342227R,145.00,YouClip – lampka,,confirmed_card_price_not_captured,,true,true,listed,false,shop_coverage_baseline,2026-08-06
14,DESIGN,Wygląd wnętrza,YouClip – zaczep,684344266R,56.00,YouClip – zaczep,56.00,confirmed_price_exact_match,true,true,true,temporarily_unavailable,false,shop_coverage_baseline,2026-08-06
15,DESIGN,Wygląd wnętrza,YouClip – Wielofunkcyjny uchwyt na kubek,684349615R,95.00,YouClip – wielofunkcyjny uchwyt na kubek,95.00,confirmed_price_exact_match,true,false,true,temporarily_unavailable,false,shop_coverage_baseline,2026-08-06
16,DESIGN,Wygląd wnętrza,YouClip – kieszonka,685605709R,259.00,YouClip – kieszonka,,confirmed_card_price_not_captured,,true,true,listed,false,shop_coverage_baseline,2026-08-06
17,DESIGN,Wygląd wnętrza,Uchwyt na kubek,685609899R,126.00,Uchwyt na kubek,,confirmed_card_price_not_captured,,true,true,listed_add_to_cart,false,reconciliation_001,2026-08-06
18,DESIGN,Wygląd wnętrza,YouClip – etui na okulary,739M00386R,149.00,,,dacia_pl_card_not_resolved,,,false,unresolved,true,reconciliation_bounded_attempt,2026-08-06
19,DESIGN,Wygląd wnętrza,Nakładki na progi przednich drzwi Spring,7711945712,187.00,,,dacia_pl_card_not_resolved,,,false,unresolved,true,reconciliation_bounded_attempt,2026-08-06
20,DESIGN,Wygląd wnętrza,Podłokietnik,8201751967,984.00,Podłokietnik,,confirmed_card_price_not_captured,,true,true,listed_add_to_cart,false,reconciliation_002,2026-08-06
21,DESIGN,Wygląd wnętrza,YouClip – 3 w 1 (uchwyt na kubki + lampka + zaczep),984392908R,259.00,YouClip – 3 w 1,259.00,confirmed_price_exact_match,true,false,true,temporarily_unavailable,false,shop_coverage_baseline,2026-08-06
22,DESIGN,Wygląd zewnętrzny,Nakładki ochronne na krawędzie drzwi i boczne lusterka,8201743312,214.00,,,dacia_pl_card_not_resolved,,,false,unresolved,true,reconciliation_bounded_attempt,2026-08-06
23,DESIGN,Wygląd zewnętrzny,Listwa bagażnika,8201751961,342.00,,,dacia_pl_card_not_resolved,,,false,unresolved,true,reconciliation_bounded_attempt,2026-08-06
24,KOMFORT I OCHRONA,Akcesoria do ładowania,Przejściówka do zasilania zewnętrznego sprzętu,296976446R,949.00,,,dacia_pl_card_not_resolved,,,false,unresolved,true,reconciliation_bounded_attempt,2026-08-06
25,KOMFORT I OCHRONA,Akcesoria do ładowania,"Przewód ładowania akumulatora z gniazda domowego T2-E/F jednofazowy 10 A - długość 6,5m",7711943515,1230.00,Przewód ładowania akumulatora - złącze T2-E/F,,confirmed_card_price_not_captured,,false,true,listed_add_to_cart,false,reconciliation_002,2026-08-06
26,KOMFORT I OCHRONA,Akcesoria do ładowania,"Przewód ładowania akumulatora z terminala Wallbox T2-T2 32 A - zasięg 6,5 m.",7711943517,3219.00,,,dacia_pl_card_not_resolved,,,false,unresolved,true,reconciliation_bounded_attempt,2026-08-06
27,KOMFORT I OCHRONA,Akcesoria do ładowania,"Przewód ładowania akumulatora z terminala Wallbox T2-T2 20 A - zasięg 6,5 m.",7711943518,2164.00,,,dacia_pl_card_not_resolved,,,false,unresolved,true,reconciliation_bounded_attempt,2026-08-06
28,KOMFORT I OCHRONA,Akcesoria do ładowania,"Przewód ładowania akumulatora Typ 2, 6,5 m, ze wzmocnionego gniazda domowego prądu jednofazowego 16A Typ E/F, o mocy 3,7 kW",7717278287,1549.00,,,dacia_pl_card_not_resolved,,,false,unresolved,true,reconciliation_bounded_attempt,2026-08-06
29,KOMFORT I OCHRONA,Akcesoria do ładowania,"Rękawice do ładowanie akumulatora, rozmiar S/M",7717301120,83.00,,,dacia_pl_card_not_resolved,,,false,unresolved,true,reconciliation_bounded_attempt,2026-08-06
30,KOMFORT I OCHRONA,Akcesoria do ładowania,"Rękawice do ładowanie akumulatora, rozmiar L/XL",7717301121,97.00,,,dacia_pl_card_not_resolved,,,false,unresolved,true,reconciliation_bounded_attempt,2026-08-06
31,KOMFORT I OCHRONA,Akcesoria do ładowania,Domowe gniazdo ładowania Green’Up Typ E,8201486883,1509.00,,,dacia_pl_card_not_resolved,,,false,unresolved,true,reconciliation_bounded_attempt,2026-08-06
32,KOMFORT I OCHRONA,Akcesoria do ładowania,Domowe gniazdo ładowania Green’Up Typ F,8201486884,1548.00,,,dacia_pl_card_not_resolved,,,false,unresolved,true,reconciliation_bounded_attempt,2026-08-06
33,KOMFORT I OCHRONA,Akcesoria do ładowania,Uchwyt do przenoszenia kabla,8201738553,303.00,,,dacia_pl_card_not_resolved,,,false,unresolved,true,reconciliation_bounded_attempt,2026-08-06
34,KOMFORT I OCHRONA,Dywaniki,Dywaniki tekstylne Comfort,8201751532,168.00,,,dacia_pl_card_not_resolved,,,false,unresolved,true,reconciliation_bounded_attempt,2026-08-06
35,KOMFORT I OCHRONA,Dywaniki,Dywaniki tekstylne Premium,8201751534,291.00,,,dacia_pl_card_not_resolved,,,false,unresolved,true,reconciliation_bounded_attempt,2026-08-06
36,KOMFORT I OCHRONA,Dywaniki,Dywaniki tekstylne Comfort,8201752597,187.00,,,dacia_pl_card_not_resolved,,,false,unresolved,true,reconciliation_bounded_attempt,2026-08-06
37,KOMFORT I OCHRONA,Dywaniki,Dywaniki tekstylne Premium,8201752599,264.00,,,dacia_pl_card_not_resolved,,,false,unresolved,true,reconciliation_bounded_attempt,2026-08-06
38,KOMFORT I OCHRONA,Dywaniki,Dywaniki gumowe,8201756618,250.00,,,dacia_pl_card_not_resolved,,,false,unresolved,true,reconciliation_bounded_attempt,2026-08-06
39,KOMFORT I OCHRONA,Dywaniki,Dywaniki gumowe (tylny rząd),8201756621,170.00,,,dacia_pl_card_not_resolved,,,false,unresolved,true,reconciliation_bounded_attempt,2026-08-06
40,KOMFORT I OCHRONA,Ochrona karoserii,Pokrowiec na samochód (rozmiar XS),7711949659,378.00,,,dacia_pl_card_not_resolved,,,false,unresolved,true,reconciliation_bounded_attempt,2026-08-06
41,KOMFORT I OCHRONA,Ochrona karoserii,Przednie lub tylne chlapacze,7717301274,111.00,Przednie lub tylne chlapacze,111.00,confirmed_price_exact_match,true,true,true,temporarily_unavailable,false,shop_coverage_baseline,2026-08-06
42,KOMFORT I OCHRONA,Wyposażenie bagażnika,Organizer do bagażnika,7711940885,318.00,Organizer do bagażnika,318.00,confirmed_price_exact_match,true,true,true,temporarily_unavailable,false,shop_coverage_baseline,2026-08-06
43,KOMFORT I OCHRONA,Wyposażenie bagażnika,Wykładzina bagażnika Spring,8201741933,187.00,Wykładzina bagażnika Dacia Spring,,confirmed_card_price_not_captured,,false,true,listed,false,shop_coverage_baseline,2026-08-06
44,KOMFORT I OCHRONA,Wyposażenie bagażnika,Dwustronna mata bagażnika do bagażnika Spring(2),8201742284,311.00,,,dacia_pl_card_not_resolved,,,false,unresolved,true,reconciliation_bounded_attempt,2026-08-06
45,KOMFORT I OCHRONA,Wyposażenie wnętrza,Wkładka do uchwytu na kubek,7711945469,125.00,Wielofunkcyjny uchwyt na kubek Dacia,125.00,confirmed_price_exact_match,true,false,true,temporarily_unavailable,false,shop_coverage_baseline,2026-08-06
46,KOMFORT I OCHRONA,Wyposażenie wnętrza,Pokrowiec na tylne siedzenia do przewozu psów,7711945735,419.00,,,dacia_pl_card_not_resolved,,,false,unresolved,true,reconciliation_bounded_attempt,2026-08-06
47,KOMFORT I OCHRONA,Wyposażenie wnętrza,Lodówka przenośna,7717277903,415.00,Lodówka samochodowa,,confirmed_card_price_not_captured,,false,true,listed_add_to_cart,false,reconciliation_003,2026-08-06
48,KOMFORT I OCHRONA,Wyposażenie wnętrza,Zestaw dla palących (popielniczka + zapalniczka),8201375535,225.00,,,dacia_pl_card_not_resolved,,,false,unresolved,true,reconciliation_bounded_attempt,2026-08-06
49,KOMFORT I OCHRONA,Wyposażenie wnętrza,Organizer konsoli centralnej,8201751965,291.00,,,dacia_pl_card_not_resolved,,,false,unresolved,true,reconciliation_bounded_attempt,2026-08-06
50,KOMFORT I OCHRONA,Wyposażenie wnętrza,Schowek pod maską silnika,8201751968,969.00,,,dacia_pl_card_not_resolved,,,false,unresolved,true,reconciliation_bounded_attempt,2026-08-06
51,MULTIMEDIA,Telefon,Uchwyt na telefon - montowany na desce rozdzielczej,7711784775,111.00,,,dacia_pl_card_not_resolved,,,false,unresolved,true,reconciliation_bounded_attempt,2026-08-06
52,MULTIMEDIA,Telefon,Indukcyjna magnetyczna ładowarka do smartfona mocowana na kratce nawiewu,7711949678,328.00,Indukcyjna magnetyczna ładowarka do smartfona mocowana na kratce nawiewu,,confirmed_card_price_not_captured,,true,true,listed_add_to_cart,false,reconciliation_004,2026-08-06
53,MULTIMEDIA,Telefon,Indukcyjna ładowarka do smartfonów,8201737398,277.00,Indukcyjna ładowarka do smartfonów Dacia,,confirmed_card_price_not_captured,,false,true,listed_add_to_cart,false,reconciliation_004,2026-08-06
54,MULTIMEDIA,Wideo,Wideorejestrator Nextbase 322 GW i karta SD 32 GB,7711945184,1419.00,Dashcam - Nextbase 322 GW i karta SD 32 GB,,confirmed_card_price_not_captured,,false,true,listed_add_to_cart,false,reconciliation_004,2026-08-06
55,TRANSPORT,Poprzeczki i bagażniki,Relingi dachowe,738200989R,441.00,Relingi dachowe,441.00,confirmed_price_exact_match,true,true,true,temporarily_unavailable,false,shop_coverage_baseline,2026-08-06
56,TRANSPORT,Poprzeczki i bagażniki,Bagażnik za podwójną podłogą do przechowywania kabli,7717300012,1169.00,,,dacia_pl_card_not_resolved,,,false,unresolved,true,reconciliation_bounded_attempt,2026-08-06
