source_code,source_type,title,publisher,market,document_date,external_reference,file_path,sha256,status,relationship_count,relationship_types,configuration_count,configuration_codes,version_count,version_codes,model_family_count,model_codes,model_names,notes
src_pl_sandero_expression_ecog120_mt_20260626,configuration_pdf,NOWE SANDERO expression Eco-G 120 f.2,Dacia,PL,2026-06-26,5QML4L,PDF/Cenniki/NOWE SANDERO expression Eco-G 120 f.pdf,82a8853d90b492e48595ff33db73632dc309b8a12d08d11dd3c259fca4eaff68,active,1,documents,1,sandero_iii_expression_ecog120_manual,1,sandero_iii_expression,1,sandero_iii,Sandero,
src_pl_sandero_journey_ecog120_mt_20260626,configuration_pdf,NOWE SANDERO journey Eco-G 120 f.2,Dacia,PL,2026-06-26,KD1UPF,PDF/Cenniki/NOWE SANDERO journey Eco-G 120 f.pdf,7ab1526e7bc2a72ff2b179f30cd0c8c223633f1100d31aa7dd80594325b302a3,active,1,documents,1,sandero_iii_journey_ecog120_manual,1,sandero_iii_journey,1,sandero_iii,Sandero,
src_pl_sandero_stepway_essential_ecog120_mt_20260626,configuration_pdf,NOWE SANDERO STEPWAY essential stepway Eco-G 120 f.2,Dacia,PL,2026-06-26,VBMH3M,PDF/Cenniki/NOWE SANDERO STEPWAY essential stepway Eco-G 120 f.pdf,14dbd68fc58d63bc81595f64784e37089ef25ed0103e2a74768477e602b29ea1,active,1,documents,1,sandero_stepway_iii_essential_ecog120_manual,1,sandero_stepway_iii_essential,1,sandero_stepway_iii,Sandero Stepway,
src_pl_sandero_stepway_expression_ecog120_at_20260626,configuration_pdf,NOWE SANDERO STEPWAY expression stepway Eco-G 120 auto f.2,Dacia,PL,2026-06-26,JA1EKI,PDF/Cenniki/NOWE SANDERO STEPWAY expression stepway Eco-G 120 auto f.pdf,385409e33a0932e48cbd901b5805f873831ec005c6451cd6ed1623a06fa15667,active,1,documents,1,sandero_stepway_iii_expression_ecog120_automatic,1,sandero_stepway_iii_expression,1,sandero_stepway_iii,Sandero Stepway,
src_pl_sandero_stepway_expression_ecog120_mt_20260626,configuration_pdf,NOWE SANDERO STEPWAY expression stepway Eco-G 120 f.2,Dacia,PL,2026-06-26,VH30BG,PDF/Cenniki/NOWE SANDERO STEPWAY expression stepway Eco-G 120 f.pdf,7cbca5f16e74c5bce10cdf1d099573b6ace40e905d79325676fdd5753d14f130,active,1,documents,1,sandero_stepway_iii_expression_ecog120_manual,1,sandero_stepway_iii_expression,1,sandero_stepway_iii,Sandero Stepway,
src_pl_sandero_stepway_extreme_ecog120_at_20260626,configuration_pdf,NOWE SANDERO STEPWAY extreme stepway Eco-G 120 auto f.2,Dacia,PL,2026-06-26,MWF2W6,PDF/Cenniki/NOWE SANDERO STEPWAY extreme stepway Eco-G 120 auto f.pdf,a519c2002231cd28f92999c2d8af76fb5c58e6129ac6d5521c6436e471349aff,active,1,documents,1,sandero_stepway_iii_extreme_ecog120_automatic,1,sandero_stepway_iii_extreme,1,sandero_stepway_iii,Sandero Stepway,
src_pl_sandero_stepway_extreme_ecog120_mt_20260626,configuration_pdf,NOWE SANDERO STEPWAY extreme stepway Eco-G 120 f.2,Dacia,PL,2026-06-26,IXU1ZL,PDF/Cenniki/NOWE SANDERO STEPWAY extreme stepway Eco-G 120 f.pdf,fe7e4012bce170eceecb993af473e6eebb8c1d5c10b33f3edfc222e59c80a115,active,1,documents,1,sandero_stepway_iii_extreme_ecog120_manual,1,sandero_stepway_iii_extreme,1,sandero_stepway_iii,Sandero Stepway,
src_pl_duster_price_my26_py25_20260206,configuration_pdf,DACIA DUSTER cennik MY26 PY25,Dacia,PL,2026-02-06,b281a995a9,PDF/Cenniki/DACIA DUSTER cennik MY26 PY25.pdf,f6126fd4546031c643248b0e19639aa5736e54f8088567460681c938be3932b7,active,24,documents,24,duster_iii_essential_ecog100_4x2_manual|duster_iii_essential_ecog120_4x2_manual|duster_iii_expression_ecog100_4x2_manual|duster_iii_expression_ecog120_4x2_manual|duster_iii_expression_hybrid140_4x2_automatic|duster_iii_expression_hybrid155_4x2_automatic|duster_iii_expression_mildhybrid130_4x2_manual|duster_iii_expression_mildhybrid130_4x4_manual|duster_iii_expression_mildhybrid140_4x2_manual|duster_iii_extreme_ecog100_4x2_manual|duster_iii_extreme_ecog120_4x2_manual|duster_iii_extreme_hybrid140_4x2_automatic|duster_iii_extreme_hybrid155_4x2_automatic|duster_iii_extreme_mildhybrid130_4x2_manual|duster_iii_extreme_mildhybrid130_4x4_manual|duster_iii_extreme_mildhybrid140_4x2_manual|duster_iii_journey_ecog100_4x2_manual|duster_iii_journey_ecog120_4x2_manual|duster_iii_journey_hybrid140_4x2_automatic|duster_iii_journey_hybrid155_4x2_automatic|duster_iii_journey_mildhybrid130_4x2_manual|duster_iii_journey_mildhybrid130_4x4_manual|duster_iii_journey_mildhybrid140_4x2_manual|duster_iii_journey_plus_hybrid140_4x2_automatic,5,duster_iii_essential|duster_iii_expression|duster_iii_extreme|duster_iii_journey|duster_iii_journey_plus,1,duster_iii,Duster,
src_pl_jogger_price_my26_20260401,configuration_pdf,DACIA JOGGER cennik MY26,Dacia,PL,2026-04-01,a03bb2de2c,PDF/Cenniki/DACIA JOGGER cennik MY26 20260401.pdf,a03bb2de2cdadd51223e7d1a50aee898729172f39953bf2bfc946613d6e30d7b,active,22,documents,22,jogger_essential_5seat_ecog120_manual|jogger_essential_7seat_ecog120_manual|jogger_expression_5seat_ecog120_manual|jogger_expression_5seat_hybrid155_automatic|jogger_expression_5seat_tce110_manual|jogger_expression_7seat_ecog120_manual|jogger_expression_7seat_hybrid155_automatic|jogger_expression_7seat_tce110_manual|jogger_extreme_5seat_ecog120_automatic|jogger_extreme_5seat_ecog120_manual|jogger_extreme_5seat_hybrid155_automatic|jogger_extreme_5seat_tce110_manual|jogger_extreme_7seat_ecog120_automatic|jogger_extreme_7seat_ecog120_manual|jogger_extreme_7seat_hybrid155_automatic|jogger_extreme_7seat_tce110_manual|jogger_journey_5seat_ecog120_automatic|jogger_journey_5seat_hybrid155_automatic|jogger_journey_5seat_tce110_manual|jogger_journey_7seat_ecog120_automatic|jogger_journey_7seat_hybrid155_automatic|jogger_journey_7seat_tce110_manual,4,jogger_essential|jogger_expression|jogger_extreme|jogger_journey,1,jogger,Jogger,"Official Polish Jogger MY26 price list supplied by the project owner; original SHA-256 verified, repository binary archive pending."
src_pl_sandero_stepway_price_my26_20260703,configuration_pdf,DACIA SANDERO I SANDERO STEPWAY cennik MY26,Dacia,PL,2026-07-03,https://cdn.group.renault.com/dac/pl/pdf/cenniki/sandero-stepway-price.pdf.asset.pdf/bd9f9519ce.pdf,PDF/Cenniki/DACIA SANDERO I SANDERO STEPWAY cennik MY26 20260703.pdf,5af2dbaf268480ec1e7e6d6e35fd2037b6fba3fb79972026e4f68c08055ba783,active,7,documents,7,sandero_iii_expression_ecog120_manual|sandero_iii_journey_ecog120_manual|sandero_stepway_iii_essential_ecog120_manual|sandero_stepway_iii_expression_ecog120_automatic|sandero_stepway_iii_expression_ecog120_manual|sandero_stepway_iii_extreme_ecog120_automatic|sandero_stepway_iii_extreme_ecog120_manual,5,sandero_iii_expression|sandero_iii_journey|sandero_stepway_iii_essential|sandero_stepway_iii_expression|sandero_stepway_iii_extreme,2,sandero_iii|sandero_stepway_iii,Sandero|Sandero Stepway,"Official Polish MY26 price list effective from 2026-07-03. Catalogue prices, equipment matrix, individual options, packages COMFORT, THERMO, ZIMOWY, MEDIA NAV LIVE and EASY, plus technical data."
src_pl_duster_price_my26_20260703,configuration_pdf,DACIA DUSTER cennik MY26,Dacia,PL,2026-07-03,https://cdn.group.renault.com/dac/pl/pdf/cenniki/duster-price.pdf.asset.pdf/73baf27ec0.pdf,PDF/Cenniki/DACIA DUSTER cennik MY26 20260703.pdf,40bb4f3db9019c500fcb4c759f5ad395aa3b35a68bb22aa74f031fefe09727f2,active,16,catalogue_technical_data_for|documents,16,duster_iii_essential_ecog120_4x2_manual|duster_iii_expression_ecog120_4x2_automatic|duster_iii_expression_ecog120_4x2_manual|duster_iii_expression_hybrid155_4x2_automatic|duster_iii_expression_hybridg150_4x4_automatic|duster_iii_expression_mildhybrid140_4x2_manual|duster_iii_extreme_ecog120_4x2_automatic|duster_iii_extreme_ecog120_4x2_manual|duster_iii_extreme_hybrid155_4x2_automatic|duster_iii_extreme_hybridg150_4x4_automatic|duster_iii_extreme_mildhybrid140_4x2_manual|duster_iii_journey_ecog120_4x2_automatic|duster_iii_journey_ecog120_4x2_manual|duster_iii_journey_hybrid155_4x2_automatic|duster_iii_journey_hybridg150_4x4_automatic|duster_iii_journey_mildhybrid140_4x2_manual,4,duster_iii_essential|duster_iii_expression|duster_iii_extreme|duster_iii_journey,1,duster_iii,Duster,"Official Polish MY26 price list effective from 2026-07-03. Catalogue prices, equipment matrix, individual options, packages ZIMOWY, ZIMOWY PLUS, PARKING and TECHNO 1, plus technical data."
src_pl_jogger_price_my26_20260703,configuration_pdf,DACIA JOGGER cennik MY26,Dacia,PL,2026-07-03,https://cdn.group.renault.com/dac/pl/pdf/cenniki/jogger-price.pdf.asset.pdf/51a64d2724.pdf,PDF/Cenniki/DACIA JOGGER cennik MY26 20260703.pdf,92606411c4d8c10dd830b0d1c387fe663c4c9618422c5db639c13a23138f4a87,active,22,documents,22,jogger_essential_5seat_ecog120_manual|jogger_essential_7seat_ecog120_manual|jogger_expression_5seat_ecog120_manual|jogger_expression_5seat_hybrid155_automatic|jogger_expression_5seat_tce110_manual|jogger_expression_7seat_ecog120_manual|jogger_expression_7seat_hybrid155_automatic|jogger_expression_7seat_tce110_manual|jogger_extreme_5seat_ecog120_automatic|jogger_extreme_5seat_ecog120_manual|jogger_extreme_5seat_hybrid155_automatic|jogger_extreme_5seat_tce110_manual|jogger_extreme_7seat_ecog120_automatic|jogger_extreme_7seat_ecog120_manual|jogger_extreme_7seat_hybrid155_automatic|jogger_extreme_7seat_tce110_manual|jogger_journey_5seat_ecog120_automatic|jogger_journey_5seat_hybrid155_automatic|jogger_journey_5seat_tce110_manual|jogger_journey_7seat_ecog120_automatic|jogger_journey_7seat_hybrid155_automatic|jogger_journey_7seat_tce110_manual,4,jogger_essential|jogger_expression|jogger_extreme|jogger_journey,1,jogger,Jogger,"Official Polish MY26 price list effective from 2026-07-03. Catalogue prices for five- and seven-seat variants, equipment matrix, individual options and packages KOMFORT HEV, KOMFORT, ZIMOWY and DRIVE."
src_pl_bigster_price_my26_20260703,configuration_pdf,DACIA BIGSTER cennik MY26,Dacia,PL,2026-07-03,https://cdn.group.renault.com/dac/pl/pdf/cenniki/bigster-price.pdf.asset.pdf/5edf29d32f.pdf,PDF/Cenniki/DACIA BIGSTER cennik MY26 20260703.pdf,9528654fb3daf3767a2defbbc80e8a85abceecb11e04bb176aa0b76443be178a,active,14,documents,14,bigster_essential_mildhybrid140_4x2_manual|bigster_essential_mildhybridg140_4x2_manual|bigster_expression_hybrid155_4x2_automatic|bigster_expression_hybridg150_4x4_automatic|bigster_expression_mildhybrid140_4x2_manual|bigster_expression_mildhybridg140_4x2_manual|bigster_extreme_hybrid155_4x2_automatic|bigster_extreme_hybridg150_4x4_automatic|bigster_extreme_mildhybrid140_4x2_manual|bigster_extreme_mildhybridg140_4x2_manual|bigster_journey_hybrid155_4x2_automatic|bigster_journey_hybridg150_4x4_automatic|bigster_journey_mildhybrid140_4x2_manual|bigster_journey_mildhybridg140_4x2_manual,4,bigster_essential|bigster_expression|bigster_extreme|bigster_journey,1,bigster,Bigster,"Official Polish MY26 price list effective from 2026-07-03. Catalogue prices, equipment matrix, individual options and packages EASY, PARKING, ZIMOWY and ZIMOWY PLUS, plus technical data. Version and configuration catalogue foundation modeled from explicit price-matrix cells."
src_pl_sandero_stepway_official_web_configurations_20260723,web_snapshot,Dacia Polska Sandero Stepway official version/configurator observations,Dacia,PL,2026-07-23,https://www.dacia.pl/samochody/sandero-stepway-crossover/konfigurator.html,project/sources/dacia-pl-sandero-stepway-configurations-20260723.json,dd236991cba2f14f2b49e43cddbcf643741e6609dd5c2f4dbb0bb6e9dbf98ed3,active,5,web_configuration_documents,5,sandero_stepway_iii_essential_ecog120_manual|sandero_stepway_iii_expression_ecog120_automatic|sandero_stepway_iii_expression_ecog120_manual|sandero_stepway_iii_extreme_ecog120_automatic|sandero_stepway_iii_extreme_ecog120_manual,3,sandero_stepway_iii_essential|sandero_stepway_iii_expression|sandero_stepway_iii_extreme,1,sandero_stepway_iii,Sandero Stepway,Dated dynamic official-web observation. Exact configuration prices and source-visible version highlights only; unproven option applicability remains unimported.
src_pl_sandero_official_web_configurations_20260723,web_snapshot,Dacia Polska Sandero official version/configurator observations,Dacia,PL,2026-07-23,https://www.dacia.pl/samochody/sandero-miejskie/konfigurator.html,project/sources/dacia-pl-sandero-configurations-20260723.json,e02eb11d31cf7dc00bc29eb112d3b59c33e0fb08cab31c375410add981599f68,active,4,web_configuration_documents,4,sandero_iii_expression_ecog120_automatic|sandero_iii_expression_ecog120_manual|sandero_iii_journey_ecog120_automatic|sandero_iii_journey_ecog120_manual,2,sandero_iii_expression|sandero_iii_journey,1,sandero_iii,Sandero,Dated dynamic official-web observation. Exact Eco-G configuration prices and source-visible version highlights only; unproven package and option applicability remains unimported.
src_pl_cross_model_option_coverage_20260724,web_snapshot,Dacia Polska cross-model factory option coverage observations,Dacia,PL,2026-07-24,https://www.dacia.pl/,project/sources/dacia-pl-cross-model-option-coverage-20260724.json,283dcb96119804f6f100ba3d7c93d968f862aa06667a681198cb7bb77e24cf63,active,31,web_option_coverage_documents,31,jogger_essential_5seat_ecog120_manual|jogger_essential_7seat_ecog120_manual|jogger_expression_5seat_ecog120_manual|jogger_expression_5seat_hybrid155_automatic|jogger_expression_5seat_tce110_manual|jogger_expression_7seat_ecog120_manual|jogger_expression_7seat_hybrid155_automatic|jogger_expression_7seat_tce110_manual|jogger_extreme_5seat_ecog120_automatic|jogger_extreme_5seat_ecog120_manual|jogger_extreme_5seat_hybrid155_automatic|jogger_extreme_5seat_tce110_manual|jogger_extreme_7seat_ecog120_automatic|jogger_extreme_7seat_ecog120_manual|jogger_extreme_7seat_hybrid155_automatic|jogger_extreme_7seat_tce110_manual|jogger_journey_5seat_ecog120_automatic|jogger_journey_5seat_hybrid155_automatic|jogger_journey_5seat_tce110_manual|jogger_journey_7seat_ecog120_automatic|jogger_journey_7seat_hybrid155_automatic|jogger_journey_7seat_tce110_manual|sandero_iii_expression_ecog120_automatic|sandero_iii_expression_ecog120_manual|sandero_iii_journey_ecog120_automatic|sandero_iii_journey_ecog120_manual|sandero_stepway_iii_essential_ecog120_manual|sandero_stepway_iii_expression_ecog120_automatic|sandero_stepway_iii_expression_ecog120_manual|sandero_stepway_iii_extreme_ecog120_automatic|sandero_stepway_iii_extreme_ecog120_manual,9,jogger_essential|jogger_expression|jogger_extreme|jogger_journey|sandero_iii_expression|sandero_iii_journey|sandero_stepway_iii_essential|sandero_stepway_iii_expression|sandero_stepway_iii_extreme,3,jogger|sandero_iii|sandero_stepway_iii,Jogger|Sandero|Sandero Stepway,"Dated normalized snapshot of official grade-specific equipment pages. Factory shark-fin antenna and power-folding mirror evidence only; accessories, unproven Duster states and broadened package mappings are excluded."
src_pl_duster_ecog120_automatic_stock_20260724,web_snapshot,Dacia Polska exact Duster Eco-G 120 automatic stock cards,Dacia,PL,2026-07-24,https://kup.dacia.pl/,project/sources/dacia-pl-duster-ecog120-automatic-stock-20260724.json,a25c2244699b463343879fb1d1fa995793666d3e5619da2021acd81404688e98,active,3,exact_stock_configuration_documents,3,duster_iii_expression_ecog120_4x2_automatic|duster_iii_extreme_ecog120_4x2_automatic|duster_iii_journey_ecog120_4x2_automatic,3,duster_iii_expression|duster_iii_extreme|duster_iii_journey,1,duster_iii,Duster,"Normalized snapshot of three exact official 2026 stock cards. Dynamic URLs may later expire or redirect; promotional prices, ambiguous Expression mirror state and unmentioned antenna states are explicit non-imports."
src_pl_duster_ecog120_automatic_engine_20260724,web_snapshot,Dacia Polska Duster Eco-G 120 automatic intrinsic engine data,Dacia,PL,2026-07-24,https://www.dacia.pl/hybrydy-i-elektryczne/duster-suv/silniki.html,project/sources/dacia-pl-duster-ecog120-automatic-engine-20260724.json,9914402753c100f9a9ecb65c01bf454d90d6f18d6e09df00b74342377cba9ebc,active,3,intrinsic_engine_data_for,3,duster_iii_expression_ecog120_4x2_automatic|duster_iii_extreme_ecog120_4x2_automatic|duster_iii_journey_ecog120_4x2_automatic,3,duster_iii_expression|duster_iii_extreme|duster_iii_journey,1,duster_iii,Duster,"Official dynamic engine and technical-page snapshot. Only 1199 cm3, three cylinders and 12 valves are imported; manual towing, cargo, WLTP and performance values remain explicit non-imports for automatic configurations."
src_pl_duster_exact_stock_equipment_20260724,web_snapshot,Dacia Polska exact Duster Eco-G 120 automatic stock equipment cards,Dacia,PL,2026-07-24,https://kup.dacia.pl/,project/sources/dacia-pl-duster-exact-stock-equipment-20260724.json,e4428bcee5f7f1fe6bb9ae6152852667f552f9abee0c09b7215bd4c8fc3f050a,active,3,exact_stock_equipment_documents,3,duster_iii_expression_ecog120_4x2_automatic|duster_iii_extreme_ecog120_4x2_automatic|duster_iii_journey_ecog120_4x2_automatic,3,duster_iii_expression|duster_iii_extreme|duster_iii_journey,1,duster_iii,Duster,"Normalized snapshot of exact Expression, Extreme and Journey automatic stock equipment, selected packages, expired-card evidence and explicit non-import boundaries."
src_pl_duster_ecog120_automatic_wltp_20260725,web_snapshot,Dacia Poland exact Duster Eco-G 120 automatic WLTP cards,Dacia,PL,2026-07-25,https://www.dacia.pl/katalog-nci/,project/sources/dacia-pl-duster-ecog120-automatic-wltp-20260725.json,9fb6f9ec816ab8ddc813b4ab53c09394454c420bc01866db0b17d027faf126e7,active,3,automatic_wltp_data_for,3,duster_iii_expression_ecog120_4x2_automatic|duster_iii_extreme_ecog120_4x2_automatic|duster_iii_journey_ecog120_4x2_automatic,3,duster_iii_expression|duster_iii_extreme|duster_iii_journey,1,duster_iii,Duster,"Exact Polish Expression, Extreme and Journey Eco-G 120 auto stock pages; LPG WLTP CO2 and source-stated fuel-tank capacity only."
src_ro_duster_ecog120_automatic_homologation_20260725,web_snapshot,Dacia Romania exact Duster Eco-G 120 automatic homologation cards,Dacia,RO,2026-07-25,https://vanzari.dacia.ro/,project/sources/dacia-ro-duster-ecog120-automatic-homologation-20260725.json,045bf18bc8ed2dee6ee86692e8fb7cf9a3005e6cf389c3b743376f7abe96d75d,active,3,automatic_homologation_data_for,3,duster_iii_expression_ecog120_4x2_automatic|duster_iii_extreme_ecog120_4x2_automatic|duster_iii_journey_ecog120_4x2_automatic,3,duster_iii_expression|duster_iii_extreme|duster_iii_journey,1,duster_iii,Duster,"Exact 2026 Expression, Extreme and Journey ECO-G 120 auto 2WD stock pages; automatic-specific power, torque, performance, mass, towing and consumption evidence. Cargo volume remains an explicit non-import."
src_pl_bigster_brochure_20251210,brochure_pdf,DACIA BIGSTER broszura,Dacia,PL,2025-12-10,https://cdn.group.renault.com/dac/pl/pdf/broszury/bigster-brochure.pdf.asset.pdf/5f71268df9.pdf,PDF/Broszury/DACIA BIGSTER broszura 20251210.pdf,76795d4ea524172a324fd44b6a630ffbb14be9d151df8c95de79a8dd4e6aed74,active,14,brochure_technical_data_for,14,bigster_essential_mildhybrid140_4x2_manual|bigster_essential_mildhybridg140_4x2_manual|bigster_expression_hybrid155_4x2_automatic|bigster_expression_hybridg150_4x4_automatic|bigster_expression_mildhybrid140_4x2_manual|bigster_expression_mildhybridg140_4x2_manual|bigster_extreme_hybrid155_4x2_automatic|bigster_extreme_hybridg150_4x4_automatic|bigster_extreme_mildhybrid140_4x2_manual|bigster_extreme_mildhybridg140_4x2_manual|bigster_journey_hybrid155_4x2_automatic|bigster_journey_hybridg150_4x4_automatic|bigster_journey_mildhybrid140_4x2_manual|bigster_journey_mildhybridg140_4x2_manual,4,bigster_essential|bigster_expression|bigster_extreme|bigster_journey,1,bigster,Bigster,Official Polish Bigster brochure published 2025-12-10. Source registration only; technical observations require separate context-preserving imports.
src_pl_jogger_brochure_20251217,brochure_pdf,DACIA JOGGER broszura,Dacia,PL,2025-12-17,https://cdn.group.renault.com/dac/pl/pdf/broszury/jogger-brochure.pdf.asset.pdf/6b1235f90d.pdf,PDF/Broszury/DACIA JOGGER broszura 20251217.pdf,eb4d44436c314d7e38d018af68e7475f03122a27f1e3f30e768f60432d338dd6,active,22,brochure_technical_data_for,22,jogger_essential_5seat_ecog120_manual|jogger_essential_7seat_ecog120_manual|jogger_expression_5seat_ecog120_manual|jogger_expression_5seat_hybrid155_automatic|jogger_expression_5seat_tce110_manual|jogger_expression_7seat_ecog120_manual|jogger_expression_7seat_hybrid155_automatic|jogger_expression_7seat_tce110_manual|jogger_extreme_5seat_ecog120_automatic|jogger_extreme_5seat_ecog120_manual|jogger_extreme_5seat_hybrid155_automatic|jogger_extreme_5seat_tce110_manual|jogger_extreme_7seat_ecog120_automatic|jogger_extreme_7seat_ecog120_manual|jogger_extreme_7seat_hybrid155_automatic|jogger_extreme_7seat_tce110_manual|jogger_journey_5seat_ecog120_automatic|jogger_journey_5seat_hybrid155_automatic|jogger_journey_5seat_tce110_manual|jogger_journey_7seat_ecog120_automatic|jogger_journey_7seat_hybrid155_automatic|jogger_journey_7seat_tce110_manual,4,jogger_essential|jogger_expression|jogger_extreme|jogger_journey,1,jogger,Jogger,"Official Polish Jogger brochure published 2025-12-17. Source registration only; seat-layout, seat-state and measurement-basis context must be preserved."
src_pl_sandero_brochure_20260202,brochure_pdf,DACIA SANDERO broszura,Dacia,PL,2026-02-02,https://cdn.group.renault.com/dac/pl/pdf/broszury/sandero-brochure.pdf.asset.pdf/b83cd5df5f.pdf,PDF/Broszury/DACIA SANDERO broszura 20260202.pdf,adee5017a405a22dffaca0555b47b84b718f2166534652c9863ba2f97f325f97,active,7,brochure_technical_data_for,7,sandero_iii_essential_tce100_manual|sandero_iii_expression_ecog120_automatic|sandero_iii_expression_ecog120_manual|sandero_iii_expression_tce100_manual|sandero_iii_journey_ecog120_automatic|sandero_iii_journey_ecog120_manual|sandero_iii_journey_tce100_manual,3,sandero_iii_essential|sandero_iii_expression|sandero_iii_journey,1,sandero_iii,Sandero,Official Polish Sandero brochure published 2026-02-02. Source registration only; gear-specific elasticity and cargo measurement contexts remain deferred.
src_pl_sandero_stepway_brochure_20260202,brochure_pdf,DACIA SANDERO STEPWAY broszura,Dacia,PL,2026-02-02,https://cdn.group.renault.com/dac/pl/pdf/broszury/sandero-stepway-brochure.pdf.asset.pdf/e154a3e830.pdf,PDF/Broszury/DACIA SANDERO STEPWAY broszura 20260202.pdf,800e6e6df78e55e9fd3ac270dd5df26447c82830c92ced112ee83c3b44595d48,active,5,brochure_technical_data_for,5,sandero_stepway_iii_essential_ecog120_manual|sandero_stepway_iii_expression_ecog120_automatic|sandero_stepway_iii_expression_ecog120_manual|sandero_stepway_iii_extreme_ecog120_automatic|sandero_stepway_iii_extreme_ecog120_manual,3,sandero_stepway_iii_essential|sandero_stepway_iii_expression|sandero_stepway_iii_extreme,1,sandero_stepway_iii,Sandero Stepway,Official Polish Sandero Stepway brochure published 2026-02-02. Source registration only; gear-specific elasticity and multi-basis cargo values remain deferred.
src_pl_duster_mini_brochure_20251020,brochure_pdf,DACIA DUSTER mini broszura,Dacia,PL,2025-10-20,https://cdn.group.renault.com/dac/pl/pdf/mini-broszury/new-duster-mini-brochure_2024.pdf.asset.pdf/b2659c32d0.pdf,PDF/Broszury/DACIA DUSTER mini broszura 20251020.pdf,84040b64bd67391cce4a99ada3021b0ad1a493f9430a666783e4632dd6ce85e8,active,10,brochure_technical_data_for,10,duster_iii_essential_ecog120_4x2_manual|duster_iii_expression_ecog120_4x2_manual|duster_iii_expression_hybrid155_4x2_automatic|duster_iii_expression_mildhybrid140_4x2_manual|duster_iii_extreme_ecog120_4x2_manual|duster_iii_extreme_hybrid155_4x2_automatic|duster_iii_extreme_mildhybrid140_4x2_manual|duster_iii_journey_ecog120_4x2_manual|duster_iii_journey_hybrid155_4x2_automatic|duster_iii_journey_mildhybrid140_4x2_manual,4,duster_iii_essential|duster_iii_expression|duster_iii_extreme|duster_iii_journey,1,duster_iii,Duster,Official Polish Duster mini brochure published 2025-10-20. Its Eco-G 120 technical table describes the manual powertrain and must not populate automatic configurations.
src_pl_sandero_stepway_catalog_tce_slice_20260703,normalized_snapshot,Sandero and Stepway MY26 TCe catalogue slice,Dacia,PL,2026-07-03,https://cdn.group.renault.com/dac/pl/pdf/cenniki/sandero-stepway-price.pdf.asset.pdf/bd9f9519ce.pdf,project/sources/sandero_stepway_catalog_tce_slice_20260703.json,1e79dd91ceced2565297377b7e158c473a78b4cafc3a8c64e44bc8d899a73725,active,15,documents,15,sandero_iii_essential_tce100_manual|sandero_iii_expression_ecog120_automatic|sandero_iii_expression_ecog120_manual|sandero_iii_expression_tce100_manual|sandero_iii_journey_ecog120_automatic|sandero_iii_journey_ecog120_manual|sandero_iii_journey_tce100_manual|sandero_stepway_iii_essential_ecog120_manual|sandero_stepway_iii_essential_tce110_manual|sandero_stepway_iii_expression_ecog120_automatic|sandero_stepway_iii_expression_ecog120_manual|sandero_stepway_iii_expression_tce110_manual|sandero_stepway_iii_extreme_ecog120_automatic|sandero_stepway_iii_extreme_ecog120_manual|sandero_stepway_iii_extreme_tce110_manual,6,sandero_iii_essential|sandero_iii_expression|sandero_iii_journey|sandero_stepway_iii_essential|sandero_stepway_iii_expression|sandero_stepway_iii_extreme,2,sandero_iii|sandero_stepway_iii,Sandero|Sandero Stepway,Versioned source slice of src_pl_sandero_stepway_price_my26_20260703; the raw official file remains canonical and hash-verified.
src_pl_sandero_catalog_tce_slice_20260202,normalized_snapshot,Sandero TCe 100 brochure technical slice,Dacia,PL,2026-02-02,https://cdn.group.renault.com/dac/pl/pdf/broszury/sandero-brochure.pdf.asset.pdf/b83cd5df5f.pdf,project/sources/sandero_catalog_tce_slice_20260202.json,bc119246089e68bce49e4f8e7ad45b148ef54e378e1e690f3ce6fd10088f3387,active,3,brochure_technical_data_for,3,sandero_iii_essential_tce100_manual|sandero_iii_expression_tce100_manual|sandero_iii_journey_tce100_manual,3,sandero_iii_essential|sandero_iii_expression|sandero_iii_journey,1,sandero_iii,Sandero,Versioned source slice of src_pl_sandero_brochure_20260202; the raw official file remains canonical and hash-verified.
src_pl_sandero_stepway_catalog_tce_slice_20260202,normalized_snapshot,Sandero Stepway TCe 110 brochure technical slice,Dacia,PL,2026-02-02,https://cdn.group.renault.com/dac/pl/pdf/broszury/sandero-stepway-brochure.pdf.asset.pdf/e154a3e830.pdf,project/sources/sandero_stepway_catalog_tce_slice_20260202.json,9fc871a19d352aeb628845192fc7f1fb56cc2769ee87249e3de8ef79852aa6ab,active,3,brochure_technical_data_for,3,sandero_stepway_iii_essential_tce110_manual|sandero_stepway_iii_expression_tce110_manual|sandero_stepway_iii_extreme_tce110_manual,3,sandero_stepway_iii_essential|sandero_stepway_iii_expression|sandero_stepway_iii_extreme,1,sandero_stepway_iii,Sandero Stepway,Versioned source slice of src_pl_sandero_stepway_brochure_20260202; the raw official file remains canonical and hash-verified.
src_pl_spring_brochure_20260219,brochure_pdf,DACIA SPRING broszura,Dacia,PL,2026-02-19,https://cdn.group.renault.com/dac/pl/pdf/broszury/new-spring-brochure.pdf.asset.pdf/acdd19cd55.pdf,PDF/Broszury/DACIA SPRING broszura 20260219.pdf,73a4c568ce273bc095f6ecf1cfa4f5f2a92324bb2f0bbc171ba45bb4a4cf3c8d,active,3,documents,3,spring_essential_electric70_automatic|spring_expression_electric70_automatic|spring_extreme_electric100_automatic,3,spring_essential|spring_expression|spring_extreme,1,spring,Spring,"Official Polish Spring model-range brochure published 2026-02-19. Source registration only; grade, cargo, powertrain and technical footnote applicability must be preserved before any observation import."
src_pl_spring_price_my25_stock_20260708,configuration_pdf,DACIA SPRING cennik MY25 stock,Dacia,PL,2026-07-08,https://cdn.group.renault.com/dac/pl/pdf/cenniki/spring-price-2025.pdf.asset.pdf/11eef439c3.pdf,PDF/Cenniki/DACIA SPRING cennik MY25 stock 20260708.pdf,809d24ec3710aac02b3f3a2f33e1872689430a1d6887f387936a5ac3ff343ae0,active,1,documents,1,spring_expression_electric70_automatic,1,spring_expression,1,spring,Spring,Official Polish Spring model-year-2025 stock price list effective 2026-07-08. Catalogue and promotional prices are bounded to dealer inventory; registration does not import observations or generalize states to MY26.
src_pl_spring_official_configurator_20260731,web_snapshot,Dacia Polska Spring official configurator and version observations,Dacia,PL,2026-07-31,https://www.dacia.pl/hybrydy-i-elektryczne/spring-miejski/konfigurator.html,project/sources/dacia-pl-spring-configurator-20260731.json,9b90aa2a2f81f1bc81509f04d3705887e8bd74af595f69a3e830c85c35b0601b,active,3,documents,3,spring_essential_electric70_automatic|spring_expression_electric70_automatic|spring_extreme_electric100_automatic,3,spring_essential|spring_expression|spring_extreme,1,spring,Spring,Dated exact Spring grade and powertrain observations. Essential 70 and Extreme 100 prices are accepted from exact states; the repeated Expression price remains unresolved and no observations are imported in the registration package.
src_pl_spring_commercial_context_20260802,normalized_snapshot,Dacia Polska Spring commercial context review,Dacia,PL,2026-08-02,https://www.dacia.pl/hybrydy-i-elektryczne/spring-miejski/konfigurator.html,project/sources/dacia-pl-spring-commercial-context-20260802.json,2ce609341d6e80bd16c670000e8571a4e114adbdcfea270164de8a6a2b60ed8f,active,1,documents,1,spring_essential_electric70_automatic,1,spring_essential,1,spring,Spring,"Bounded normalized review of exact-current Spring commercial context. Only the Essential Lichen Khaki 2300 PLN option price is imported; Type 2, standard-paint, Expression, Extreme-palette and home-cable semantic cases remain excluded."
